{"type":"FeatureCollection", "features": [
{"type":"Feature","geometry":{"type":"MultiPolygon","coordinates":[[[[72.65791511019421,21.470651627170923],[72.64569281996773,21.434583663605224],[72.66291999296334,21.42542457578361],[72.6254215191878,21.38153267049637],[72.62208747425757,21.345418930539267],[72.5931911408585,21.312086104789955],[72.58875464850826,21.278749465915155],[72.59708594725873,21.250139235637278],[72.62264441900481,21.232080460444934],[72.61792182353338,21.187921523959233],[72.62625312318312,21.089860915748716],[72.65152930673219,21.07680702242618],[72.6590290023866,21.08793067925751],[72.65819739749196,21.123472212972274],[72.66514014570123,21.153474808715487],[72.68125342830314,21.15847206073704],[72.71597480279496,21.140695572842446],[72.70014380839012,21.100973129606302],[72.6997630938917,21.060837142120477],[72.72865697753753,21.06620445257346],[72.72267180585919,21.033822928785185],[72.7374629960205,20.97398964270792],[72.75609543705485,20.93063898899817],[72.80703513406422,20.953475255178944],[72.8020176419007,20.935622275447713],[72.78408422590638,20.932021697543348],[72.78286722554208,20.899793016234753],[72.81741049110133,20.819162804419932],[72.82612842908378,20.78009680692213],[72.83757444700319,20.76073310644773],[72.84986672157203,20.7098138888],[72.85986503154601,20.6871715551232],[72.88267951794546,20.61017978986547],[72.88575375053523,20.571494747884344],[72.87067280510593,20.53555328745432],[72.87302357447845,20.506412411303813],[72.8256141454765,20.45070313284333],[72.80422765748045,20.376878974984777],[72.77645284342407,20.357655892505477],[72.75887143916566,20.33105560383308],[72.76077002042018,20.317269084100985],[72.73782102152296,20.24622474507595],[72.74558147470538,20.202135135528124],[72.73752586402748,20.19015358571943],[72.73539087079212,20.1573715803342],[72.72080391576816,20.102791806296864],[72.70423365435971,20.081041500265087],[72.71113624514163,20.047002010634344],[72.7249450977381,20.036319460474772],[72.71485068710956,20.016438500536424],[72.71954064168733,19.979002821023414],[72.74061239394689,19.973021109936326],[72.76002450582632,19.981494364873072],[72.77048688396258,19.938855027237764],[72.74955432697067,19.91239184470794],[72.73479443141792,19.909659069410566],[72.72006987022837,19.942635255512698],[72.69913285439776,19.961932530262118],[72.68433596523266,19.960361817543912],[72.66886644612964,19.942600424769864],[72.66327761287158,19.917833811481273],[72.67276757656248,19.873326148482988],[72.64514344751217,19.863421225009574],[72.64441577187046,19.83899715719309],[72.66506703711411,19.82169119369371],[72.68572203184635,19.79270647852121],[72.686804268802,19.77360942253688],[72.67092226035408,19.761884990699798],[72.67767052297631,19.745954576242752],[72.67607119652854,19.714047960145308],[72.69551290959316,19.716925163865255],[72.71422948130555,19.686686607600905],[72.69779298865558,19.679959651716615],[72.6948844201799,19.656857938942778],[72.70496159620075,19.630427546594035],[72.72026775525273,19.619241939064295],[72.70959288260548,19.553075877150036],[72.72802504012355,19.520147509799813],[72.73027970704288,19.500127657665303],[72.7486520713361,19.48592776545405],[72.74580200915545,19.464035867461348],[72.75323676116767,19.432382832301926],[72.75758399400615,19.373679844749063],[72.8000844367474,19.330324379666422],[72.78435132725201,19.299921792456814],[72.7789898632916,19.21613021004123],[72.7942098556004,19.190639448252],[72.78691991602136,19.148300369066817],[72.81773815818951,19.122527650930408],[72.82177883732356,19.07520251088721],[72.80788521103369,18.980143179564152],[72.80972938780104,18.951015721298575],[72.82120299961878,18.932862184542216],[72.80619726539152,18.908685256719252],[72.81116865201176,18.89356037221347],[72.86494820209788,18.804341015225702],[72.86038989477788,18.77374704329145],[72.86600697034544,18.756658754398075],[72.85294276989299,18.69274930103944],[72.86239897843018,18.678155059708274],[72.86171490461919,18.639375207599812],[72.86770320953553,18.620409126180277],[72.90780539420365,18.578536262738396],[72.92144392869443,18.548246681639114],[72.90676901367908,18.53621202686361],[72.90966519759087,18.5010162770796],[72.892071030154,18.45926632937767],[72.90456132554482,18.431569274302603],[72.91222316356823,18.39208109726485],[72.92705060000526,18.37497092876538],[72.91339932391969,18.359333573685547],[72.95354427854568,18.332321409005885],[72.96217856698735,18.315565619257995],[72.94720047252383,18.28494683502845],[72.93271004533239,18.280701735496734],[72.94045095894467,18.231659587320166],[72.97622100229745,18.199153568582346],[72.98583042023773,18.157764927109724],[72.97079614332739,18.129200055038552],[73.00162079226578,18.073730656344765],[72.99231597200458,18.049592410161665],[73.01153362078003,18.046100804908292],[73.01755204758899,18.030183304715763],[73.00781495739443,18.014378580407197],[73.0281085622604,17.98675033336127],[73.03362746063885,17.936456516854832],[73.05531079595653,17.91812547730899],[73.05597184262649,17.893437952199804],[73.07592187589393,17.877780889376595],[73.09213153973883,17.838732313545506],[73.09771716781307,17.80831204836238],[73.10858899288775,17.789543788115395],[73.1380809787542,17.7186395697604],[73.1170883263652,17.693145004738255],[73.14499009321827,17.603672062315866],[73.1601023116724,17.59082564528734],[73.1428825976538,17.56609106405142],[73.14461757334237,17.5491464724318],[73.18361264041107,17.508109133130063],[73.19457563335885,17.463918263517087],[73.18760549269939,17.411324279791756],[73.1706676891626,17.399231305780177],[73.18804824962706,17.383736793618198],[73.20588368718245,17.387458663086875],[73.21912950122555,17.37140046216166],[73.22151466067311,17.344537548968788],[73.24293674743302,17.319805850059993],[73.23178612083285,17.298411020851972],[73.20153071217271,17.293065177216192],[73.21973252633506,17.27507030065391],[73.26940273764626,17.146379815076443],[73.2713860710104,17.114296804154264],[73.28247663368973,17.111317824158334],[73.29293599729851,17.080060728120145],[73.2940578853632,17.055678327692704],[73.28045543347156,17.039704040708955],[73.25788218751302,17.04644302322697],[73.25901961406402,17.02426134118798],[73.28209020939568,17.013611339291913],[73.28344833137544,16.991024494684723],[73.29467572860204,16.974927043748096],[73.28479726318318,16.948307342310045],[73.28980301649608,16.926012146043774],[73.28236383352413,16.893071064977732],[73.29412058699558,16.885485732280756],[73.2934918115979,16.834276762962304],[73.31764494515812,16.79709229557301],[73.30355830727012,16.76339675345747],[73.30436449642445,16.742830644118953],[73.32747115726818,16.675358801667414],[73.33207132173419,16.647841964435145],[73.32480902461685,16.638982179084337],[73.35306059177293,16.62059074106992],[73.32600389446424,16.582824392531734],[73.34420866289952,16.57455430613635],[73.31457861940783,16.538762688946974],[73.32747525907598,16.510025613791072],[73.33434841954397,16.478502853523935],[73.34439272804201,16.475033928273206],[73.36976099767196,16.393796814371512],[73.37260804352644,16.362868335105645],[73.3867502721074,16.35832168839528],[73.39436264921693,16.309838098349587],[73.40608205294444,16.29463090609147],[73.43217808005443,16.20139244020902],[73.44172832710069,16.196354681823152],[73.45059574050106,16.147355787439665],[73.47078203196526,16.129627584145737],[73.4741212623864,16.095991431459424],[73.46847796348726,16.067821298813953],[73.45859580904943,16.057053213235235],[73.48650302219676,16.037576038103737],[73.49450007351965,16.004675952633136],[73.48759193212203,15.974947943292989],[73.5123670395073,15.939128089190035],[73.5386968255981,15.93749870829879],[73.58952575041309,15.91017062707283],[73.61575396527331,15.86667946598459],[73.62890955932875,15.855799506542041],[73.66644813027705,15.76471926338337],[73.65997185951375,15.745162531525636],[73.68711036994767,15.722953229507993],[73.70158539085315,15.690733405622211],[73.74089719195189,15.569441514814116],[73.74840970294548,15.561966235753232],[73.7649155432178,15.499807115805822],[73.80557344056189,15.493704115852324],[73.80439563265236,15.45545871195003],[73.84014759963208,15.448457983549133],[73.864458068685,15.43224324123264],[73.90780392361222,15.416611012288456],[73.87320097814268,15.399901314594047],[73.84292631679614,15.41062262733243],[73.8040331734922,15.393399405058574],[73.8095234068798,15.380030227413101],[73.84305159415578,15.36015914832609],[73.87006767088639,15.369528667613963],[73.89162335463419,15.338237927938053],[73.93972411677464,15.177098855228053],[73.94660534506068,15.145813699442726],[73.93979289872334,15.119820010684975],[73.9141944170388,15.0896298091684],[73.96254227690463,15.069383846787161],[73.98163108070986,15.04619030064191],[73.98402893408809,15.02579542851629],[74.04569108327695,14.987086153403311],[74.04234372118583,14.915120975152945],[74.07613451049934,14.907890252333345],[74.09686228556609,14.893255512731798],[74.09652526642793,14.88009636995156],[74.11250079897275,14.845796508602064],[74.13753713513074,14.845846642208812],[74.17318427803207,14.869361973876039],[74.17626085335576,14.878866994016619],[74.20869211684777,14.875791491584096],[74.17618473923437,14.85509918757748],[74.17099716908416,14.828623764375266],[74.12511695268529,14.833463760943857],[74.12317937233024,14.8058690990797],[74.10783526548516,14.785595755939426],[74.14366857254663,14.77448250066692],[74.15945327884577,14.750797173750641],[74.20387861790397,14.732798210668932],[74.23658193261014,14.74728301350035],[74.26253756205892,14.722413403555777],[74.2558958259317,14.705697862966076],[74.27591846866244,14.68875831744242],[74.28517714560883,14.639556722165025],[74.27875859693177,14.619433121541363],[74.3142521149432,14.551222077736725],[74.31466054474839,14.51791811842645],[74.33082342765914,14.514176435993761],[74.36906266401081,14.542856556185143],[74.40762311121767,14.487481387556045],[74.4077186174203,14.448294347606122],[74.3807809903505,14.462788336112851],[74.37834509205243,14.509478061063703],[74.35670329911801,14.510557839272906],[74.37547596334508,14.464193017793605],[74.38711187041656,14.421290945920475],[74.39740117492431,14.408291817713291],[74.41406012387569,14.311868249919826],[74.44358821032768,14.281072520480507],[74.47899548335494,14.284140844524416],[74.4966100519124,14.244351390104612],[74.4701674134954,14.255662038472337],[74.45815854677954,14.25000981560055],[74.43466296512378,14.266858160875472],[74.44557434867733,14.223957276107456],[74.46496835900263,14.198195981159643],[74.48405380473935,14.119865771088541],[74.48338361915876,14.09971341823973],[74.49827102059118,14.063352621926015],[74.51580271302487,13.989453236677605],[74.53754780658608,13.973054329393847],[74.53762583536405,13.960135198580588],[74.56684396237904,13.948540150407666],[74.58707186997088,13.920480870895517],[74.59840308043789,13.87845385556102],[74.62635758443503,13.858920906274875],[74.61432902706298,13.835267554753898],[74.62802232037382,13.778719233106187],[74.63245968506646,13.729048365289884],[74.64962793897826,13.662988488128292],[74.66905435097755,13.648733177893916],[74.67187719337784,13.680351596349169],[74.72815655478121,13.634996470710632],[74.70879738059472,13.614793075040438],[74.67575396747168,13.623389732250416],[74.67197727173374,13.599766998148482],[74.68551545267604,13.472578620506965],[74.72375149733381,13.458789526915211],[74.71423069678929,13.419690616928506],[74.73221986355594,13.40274333094004],[74.69416498912301,13.397681510293523],[74.69463020032356,13.357597572869736],[74.71810132941289,13.335376091333615],[74.71412645187434,13.287842154791633],[74.72845851564801,13.251904047034202],[74.73873801304893,13.203776145153029],[74.74909732887869,13.185528200266276],[74.76631300404193,13.090854315674164],[74.77937579255882,13.09041409663331],[74.78274735900345,13.030880295589213],[74.79914199630616,12.958648811893227],[74.80712498043357,12.894686705926802],[74.82837124074024,12.831290702503964],[74.86410348558746,12.755362918863682],[74.89643164360552,12.693924490422944],[74.9497508837963,12.568228218457591],[74.98094506506277,12.487965592837895],[74.99054183313916,12.49182037221243],[75.0019788092747,12.447675991254016],[75.04114696346164,12.390398746604944],[75.09043894510131,12.288935367273439],[75.12951953140129,12.187280671565816],[75.20190513191636,12.017687195507733],[75.23032626174762,12.02246005318898],[75.24927958718325,12.016125066818404],[75.28816461590435,11.958383776490166],[75.31863481234677,11.973346264118845],[75.3227672223295,11.940707137624372],[75.31096780412093,11.92965796534287],[75.3316610856906,11.894293119631811],[75.3685217530765,11.851915482013908],[75.38436003918451,11.86015386910583],[75.4102489497293,11.834618467668179],[75.42825279343174,11.806976825220374],[75.45386640081381,11.784748497145472],[75.46367669312497,11.764414795106745],[75.51121686376729,11.728339725997614],[75.54704059844494,11.676025313617401],[75.57373013943442,11.612590087162857],[75.58565911127903,11.573519958179588],[75.60429934853619,11.532560662944263],[75.62138837847095,11.47638773990235],[75.6370459916792,11.460357178740878],[75.65383159844959,11.461745555712866],[75.67669827250734,11.450297387514468],[75.7000661810095,11.423415113716601],[75.7286405022574,11.368292344316274],[75.73957687707127,11.357143363475473],[75.73948590704902,11.327945406455399],[75.74836135769056,11.316823829756004],[75.774472460136,11.250370283361917],[75.79778632747707,11.179178313428451],[75.81477165748606,11.172079003143551],[75.81018695596333,11.154161803724321],[75.83382329950575,11.11299168311973],[75.85212526576845,11.053612249805553],[75.86696635031689,10.993194646315942],[75.86778414971877,10.973014256202987],[75.8894656423256,10.876160269281058],[75.90417969313836,10.796489622398212],[75.92472020507347,10.765322909125018],[75.93517782939335,10.729029823667474],[75.94842853215107,10.705166196263008],[75.99068424508192,10.607735845532886],[76.01063598256462,10.572030240403308],[76.0256136174745,10.531601336532503],[76.0416297292287,10.524838382585358],[76.06239822649701,10.465124164948293],[76.10483864398827,10.364289122145294],[76.12082297639932,10.315149661927421],[76.13988557845676,10.232854435383956],[76.15502423877763,10.199387030587047],[76.16686124415116,10.189303000832865],[76.202365645758,10.0490072247037],[76.22048128238532,10.002085381135487],[76.24328029145232,9.969274402291887],[76.24123745624365,9.953912059893696],[76.25847321686553,9.902221887630049],[76.2778953804675,9.807246069150835],[76.28477319942368,9.752667218717193],[76.2899699273703,9.672356925431814],[76.30582526192637,9.596672258218177],[76.31888609711575,9.503898228320622],[76.3372902542419,9.42227114589673],[76.36329226172853,9.35131719593187],[76.3836786901195,9.315413036682344],[76.41079890924232,9.2444228287506],[76.46525321256576,9.119394955412929],[76.48187781191154,9.095812913834948],[76.50739503625198,9.040719782492033],[76.52362265955816,8.995857140894373],[76.53598880623849,8.944084540369317],[76.55376215370052,8.890545681238223],[76.59165345314443,8.877143091980145],[76.61470068498869,8.855948616435569],[76.67225119493673,8.780694840494562],[76.71345122339528,8.730757240953949],[76.770132153676,8.654808128092668],[76.79530823728538,8.629147334182164],[76.89197084218068,8.500362694982414],[76.93715639615084,8.447771844495094],[76.97099233682695,8.412842799455689],[76.98276136514494,8.380341253945744],[76.99949750560546,8.377564976642418],[77.05631103552594,8.324454761378206],[77.12843755754727,8.265852899891456],[77.16836439060421,8.240705789740446],[77.18713945692048,8.219792801096958],[77.23378756124703,8.189167739599554],[77.25048011966186,8.170206558585846],[77.27676087921128,8.163988112661343],[77.2998729287927,8.147062423891782],[77.31750753154739,8.121362837724803],[77.3610924901264,8.123280714833186],[77.39007920359245,8.107359781029118],[77.4547793732695,8.089071519535025],[77.50461184116358,8.080010051322859],[77.55560423214968,8.0788351050561],[77.56308997931916,8.121692090317765],[77.58923699798913,8.14134423304995],[77.65541419081234,8.15913378359727],[77.6729726677545,8.15633949736997],[77.73290887494466,8.168835193189636],[77.7869091609291,8.203080082579788],[77.78689208999799,8.225671261919274],[77.81443079694378,8.246163418207232],[77.8695249445206,8.2607182413538],[77.89018474972647,8.270687729854899],[77.90954478276558,8.290633848373432],[77.94783877613867,8.305980931974489],[77.97443768974762,8.334409893102134],[78.04089909351842,8.358319531621135],[78.05991311509825,8.380985905075534],[78.06716208965878,8.416292073620355],[78.10546271553193,8.463223584900561],[78.12909414697737,8.484119147380795],[78.13310013386416,8.498710619699409],[78.1247598284034,8.536118342887278],[78.1348398363894,8.552812485008246],[78.14181946309782,8.590809815420698],[78.12631621672006,8.635222369716644],[78.14104057466284,8.69294960903727],[78.15987513742772,8.71626598818483],[78.17534208896632,8.766350419136586],[78.16485892659824,8.793089903076634],[78.17211930366301,8.880383718034182],[78.18301775316684,8.896496934985635],[78.19157742935494,8.928450984925064],[78.2125003366213,8.961582335556386],[78.26783059490606,9.000840809555768],[78.2820654077924,9.021561303711223],[78.42229039378668,9.113391280183464],[78.5273855997657,9.136007187281905],[78.57429404253611,9.12800883823735],[78.60017862644253,9.147539265824491],[78.65159217803665,9.157419935481698],[78.64566343611875,9.174991080274197],[78.672888152866,9.193747994674254],[78.72083055698465,9.18732922926057],[78.72163320011214,9.202999671297846],[78.81485455099681,9.237478588566034],[78.87759795328299,9.256578125779924],[78.90489477947057,9.248235839112738],[78.94182543119877,9.270714310017468],[78.98777387016804,9.275184975706111],[79.04966587617929,9.262327775806284],[79.09378940995339,9.259883660402636],[79.1495663390154,9.274956741260667],[79.1842530383471,9.27797391816182],[79.18656237955025,9.287517444574462],[79.1209814939009,9.293068308455702],[79.10144242922479,9.289303755364074],[79.05180462858078,9.299971849821077],[78.98764783737784,9.354152894140782],[78.92969961844267,9.416416785106605],[78.90044155973027,9.456730293368366],[78.89798917595976,9.488894416843891],[78.91545923335701,9.499642895403326],[78.91878459353421,9.564609297680988],[78.92525542339911,9.586380912249354],[78.95468389014945,9.62566172360971],[78.9916094400237,9.712572586555666],[79.02872639800495,9.75228851330428],[79.05574720157216,9.771386135861519],[79.08098117184369,9.81115257752947],[79.12308925386606,9.857904354802201],[79.12549302478334,9.88859065113769],[79.15101686543602,9.910832523002568],[79.16697088439884,9.942910361923737],[79.19500968005275,9.963580680204302],[79.22231803464962,10.00695913645501],[79.26347186313603,10.035814170287779],[79.24502637586659,10.070671777680445],[79.23283052390963,10.076359504887307],[79.22639535755974,10.10388858369123],[79.23310102379327,10.124249706958437],[79.22883405095075,10.145037139452484],[79.24018310126917,10.174723105486976],[79.27799434846048,10.213951015127293],[79.27561000020143,10.238209119355417],[79.29900585153888,10.264468195350958],[79.32914163417911,10.28609074549155],[79.35317159299467,10.290352304415364],[79.3879417799892,10.321604786032083],[79.43865884532948,10.324722390226157],[79.51932667308756,10.311776532461067],[79.61654804295785,10.301830770773506],[79.6518460123836,10.2900326116158],[79.66551911591455,10.29145014101124],[79.76936474718536,10.272880441179439],[79.74752911167923,10.300063091238712],[79.72295843548346,10.289276922092313],[79.68096695236301,10.307393962561378],[79.64840602371908,10.316147725037524],[79.61339820975962,10.31829937101918],[79.63788659888746,10.338082291364685],[79.70641068050855,10.312063383818156],[79.72864836782799,10.329926249796642],[79.78562793418189,10.28955795573512],[79.79778122662236,10.271361000609716],[79.87933697841885,10.29032079037222],[79.87090471637964,10.340381771501598],[79.85811269754299,10.568546370218883],[79.85720872330398,10.66924991505158],[79.85062669946268,10.716119907307927],[79.84860923592754,10.879845732394699],[79.85191604129233,10.915527532469696],[79.85250538501555,10.99469797643053],[79.85680608333416,11.012698141905787],[79.85714686253772,11.150843677693615],[79.8463990251949,11.247109251690688],[79.83765796564268,11.282558952933357],[79.83420137459382,11.328096717389656],[79.83814182608444,11.354703177209899],[79.8245188381739,11.367195407941779],[79.8104309529262,11.439350450163204],[79.79059394915151,11.476018647342755],[79.76320304218672,11.53752572373321],[79.75926005640656,11.612582115572252],[79.76977395400485,11.673746603323139],[79.79306763876059,11.75642291578498],[79.7940736554749,11.780059434695204],[79.82323630601076,11.899033911985498],[79.84594341155923,11.976350656257807],[79.85985853164595,12.013288823620371],[79.88821102881599,12.070091104820676],[79.96054520429777,12.183496446703714],[79.99040064577326,12.227467393405504],[80.01914888871028,12.282065322956328],[80.06787245205209,12.348713790209274],[80.13823908356693,12.432456160823222],[80.13105823534931,12.447088269008475],[80.16381829457868,12.47823306310545],[80.16383445359719,12.51717452338562],[80.18752098020911,12.571697767837748],[80.20086800035801,12.622216806060806],[80.23654555113632,12.726084615512661],[80.25386531563186,12.766880832184711],[80.24715919524073,12.793334472008326],[80.25179410141669,12.87753345360602],[80.26022245410303,12.937281474960173],[80.27884793978063,13.012549271331864],[80.28519629817066,13.05548314323255],[80.30144387743303,13.084481899520085],[80.29798400385874,13.119137934668004],[80.33260937662152,13.244970606808124],[80.34165062627545,13.270243996163515],[80.34628841208058,13.31247494356387],[80.3283472466282,13.38524931650278],[80.28888808531696,13.402830352039189],[80.28727224731642,13.43972643562654],[80.31093380605034,13.432316421265853],[80.31810037932911,13.451706298307045],[80.30176656317639,13.475576021316385],[80.28400400578028,13.534141362234152],[80.24439790064264,13.61897058422511],[80.23552105335398,13.683372220351714],[80.24816285573127,13.758614575802085],[80.24946577552515,13.788387038630958],[80.23920072033701,13.826200056587368],[80.21635145715408,13.874286675989367],[80.16939500227761,13.992372849727303],[80.14406892524079,14.017501331321455],[80.15369178714633,14.024283546048878],[80.14546791691089,14.055974582061367],[80.12887371105296,14.149051434376247],[80.12880197123405,14.18432120376059],[80.15148486613373,14.299399176730674],[80.17299117800053,14.346551382540326],[80.17289312671647,14.374264260287418],[80.18174962684384,14.479800252779512],[80.1946461226205,14.563918059770685],[80.17062065322062,14.56670026990156],[80.14321448925733,14.555542854319299],[80.11557175503253,14.529858242763737],[80.0934592236643,14.534388302378318],[80.1471646759091,14.567974617334755],[80.18029597348044,14.58307980578843],[80.15974937223581,14.636212851242135],[80.14536865603873,14.691232746294247],[80.11403880124976,14.733231270207],[80.09075428508226,14.800680479420635],[80.07524269029796,14.817161377895331],[80.09329144164678,14.826868745496256],[80.08578860466042,14.876153812248674],[80.07393226026568,14.924980507144767],[80.06319304202532,14.987021789823814],[80.0534607677003,14.999944635736426],[80.04566706028663,15.049600531639271],[80.05104069117499,15.112681896452386],[80.06499852456233,15.163664922797977],[80.08376246266755,15.195298165677855],[80.08729220816895,15.215894558786886],[80.07963222994351,15.257454503122858],[80.0999276874129,15.325929148111754],[80.1304922910864,15.38048743734538],[80.15361287703269,15.405911455948967],[80.19669400572383,15.46254761617962],[80.21279096383199,15.535248541487022],[80.22348285974624,15.547127079351299],[80.23957525289563,15.614145762417024],[80.27745331341976,15.682073124974806],[80.34516706720643,15.752167118018122],[80.3925331794627,15.78355042581154],[80.48825763857923,15.82730557479249],[80.52123289478232,15.845943448631317],[80.51243414282152,15.858019604421258],[80.60548736544962,15.86759461250142],[80.64069635775076,15.878396402871772],[80.73054240910494,15.886190161546779],[80.75587284425643,15.880164577932987],[80.78166893127622,15.863223010733407],[80.8077412918272,15.835502235140098],[80.81588631400223,15.809358473814541],[80.81480895586867,15.757617445788526],[80.80419912309111,15.744847320047825],[80.80391797343577,15.719917101193289],[80.83874488426903,15.706641528583702],[80.87833806794754,15.722317466378001],[80.93791289966066,15.729297302628481],[80.96013530120325,15.735808435610863],[81.01162572144995,15.775640312850214],[80.99603808269143,15.824328476178266],[81.04529579386588,15.897165591219107],[81.07937557672153,15.923719196983427],[81.13972421480071,15.961205302382837],[81.15285244158696,15.974766278441052],[81.14758255199325,16.01917921135157],[81.16100501986585,16.05018111846391],[81.18489829432087,16.084368456639027],[81.19990374706032,16.163600568011873],[81.22263007921487,16.226911329194536],[81.26604855619598,16.267493469448084],[81.26562078107423,16.294212362510564],[81.24562900217677,16.301419236208858],[81.25834339423233,16.31899806121163],[81.28714491480605,16.32396611944091],[81.31543912961217,16.33839202567151],[81.31197510027073,16.359189608813438],[81.34741601873435,16.365692344825902],[81.38197257357547,16.359338487980892],[81.4085577257585,16.38138698492145],[81.40462529801914,16.336781856097844],[81.43342663063453,16.342187266329347],[81.52863424217657,16.350757948420608],[81.55446760609522,16.360147851742],[81.59276806739246,16.341823376347804],[81.65037948302677,16.338042306307443],[81.68319907557691,16.32813283406307],[81.72579347768692,16.307442917756475],[81.77706045147869,16.32975870490037],[81.85456893211057,16.370513885507478],[81.90959764051877,16.386951990641876],[81.96752822374856,16.396223423572167],[82.00728941967105,16.422936416182722],[82.06938109136433,16.44994243579481],[82.13820162820264,16.48455830811946],[82.14322901200933,16.517393722442364],[82.16428453060666,16.549763841927813],[82.18019115619694,16.561080308009878],[82.20001819008746,16.558495287727396],[82.16909139794973,16.52074605688506],[82.18304997507636,16.50272451362548],[82.23042735313987,16.533925100762815],[82.25761545488939,16.54457561886977],[82.27012707050795,16.56387460862635],[82.29821832901274,16.570484042904297],[82.3146693187341,16.625739561231796],[82.33454248065101,16.624314796790486],[82.32376662313123,16.650806355628845],[82.35182957367596,16.68005309817198],[82.33992785218868,16.68863875037806],[82.35117344180094,16.72353134589497],[82.34869042892024,16.75062365006147],[82.3648599515256,16.826269655420333],[82.35210906947805,16.849304816564086],[82.30363665440814,16.85685676193009],[82.26663722522784,16.871874410375767],[82.24873960225091,16.896969433592517],[82.25317589135437,16.93205274024183],[82.2662614650946,16.930995294897002],[82.28361799207676,16.99560540916235],[82.30114490101641,17.02418018366859],[82.35424382259441,17.073910445410775],[82.37110774592577,17.093623841866872],[82.41002041530999,17.126674227433682],[82.44554174395637,17.164112002367062],[82.56019764980175,17.256106810181222],[82.62992587777711,17.299151366142667],[82.75309551704453,17.366161130631724],[82.84002261365276,17.39958482028328],[82.86553816975078,17.415049051372648],[82.94504956198773,17.452870871893253],[82.9928739228933,17.470750832185217],[83.00700505833686,17.494602148770184],[83.04452869694188,17.516566179585595],[83.10591749989277,17.53889379371367],[83.13973772131885,17.546971202159284],[83.21726737019304,17.589828485995895],[83.23233812270627,17.608231254568807],[83.19720443513665,17.626696699593083],[83.2155280723627,17.64659845815237],[83.24134713885945,17.625321767485616],[83.28352277975256,17.65626181293237],[83.2995929983183,17.689851284509245],[83.34636914541977,17.721393662587502],[83.35842635878947,17.755365665293255],[83.37810525725189,17.767552939516577],[83.41626175687463,17.807350949187025],[83.41426375826586,17.84145957509935],[83.45342420706157,17.880153325215815],[83.44555907279306,17.91950144633472],[83.47471930595128,17.910542329065265],[83.51633343893712,17.93481012528713],[83.55425632706789,17.962562681122904],[83.56604658298346,18.00211681354017],[83.58730917857577,18.014833292022843],[83.63016094507162,18.051755619626192],[83.6679311543993,18.07251101017505],[83.70304931787177,18.10171082159718],[83.77666270521974,18.138955900594397],[83.86944324710822,18.170898408634685],[83.89760195026986,18.197119996390768],[83.95427429742097,18.213618331820612],[83.9768698303784,18.23036537835958],[84.0578622882141,18.263418052701013],[84.07521370075176,18.278635722060983],[84.11836499724689,18.30100497210185],[84.13494868463414,18.349927906148025],[84.14921442520563,18.3686689529099],[84.22152093933994,18.44184415458409],[84.25031173459894,18.46304873491124],[84.28256084670579,18.494993552410563],[84.34906552315545,18.548375658809675],[84.30376688033732,18.53224383758311],[84.31003340581708,18.554368322739947],[84.33440270582025,18.573822360113866],[84.36251687095688,18.576466461358166],[84.41230099309644,18.636435116087796],[84.43685830446725,18.650173838651767],[84.43703563728491,18.664282588170977],[84.49332916840643,18.733928454434647],[84.55507207311774,18.786271809696302],[84.58120411178038,18.867027775511474],[84.59783263486827,18.874694074172226],[84.63267044908201,18.91633575339233],[84.6921236762667,18.96946001966421],[84.71754680094415,19.010137819904514],[84.73168860504512,19.0215838099449],[84.72797252541176,19.051337113616967],[84.75544750280005,19.054767966968143],[84.77633094062048,19.088006240695506],[84.80875159660894,19.153283105131266],[84.83924282639538,19.191219933653088],[84.8908860774306,19.24405166485252],[84.93824319196978,19.284141590861793],[84.96713831847865,19.304013144790872],[85.09231161398986,19.3796598633121],[85.09966766183317,19.403401673948167],[85.21414742376464,19.494057931728207],[85.35092170387361,19.583861071031663],[85.44483820102221,19.632404036117407],[85.56346673160442,19.682407000182934],[85.62957591859384,19.714182704668133],[85.6963748927871,19.751335274003736],[85.89781228960555,19.816958471856026],[85.97386342335835,19.83323036788721],[86.04547355376155,19.84148858503022],[86.06846298977524,19.85235406089123],[86.09243399803063,19.853876603222716],[86.16673738032591,19.878274069992358],[86.22869745692213,19.894547423824577],[86.22112389095486,19.908655932325473],[86.23248034269369,19.933196309462176],[86.2563152889195,19.911985547195286],[86.29874669700251,19.934460214867045],[86.3666052245515,19.94770385614811],[86.36822809884774,19.97491984497492],[86.3820756951373,20.00119017508655],[86.39967682152815,19.998610977914325],[86.42900869839275,20.05280678460548],[86.44295737848029,20.052494120907],[86.47981898026177,20.091670170242196],[86.52710188364506,20.16752727256562],[86.55491822569564,20.192139474057512],[86.60820183294828,20.227222334643102],[86.67367349323717,20.258345426300423],[86.692664940035,20.274151775683947],[86.75700972641778,20.307945498585923],[86.7838543033335,20.32593812774246],[86.78101083048551,20.380812728324827],[86.75126960830585,20.379490912875383],[86.71520746695109,20.39185735093605],[86.73318673308131,20.410526392579015],[86.73857944488554,20.46029339342539],[86.78719834332895,20.52876538991086],[86.82275425630394,20.556385351502797],[86.85560869398608,20.573920421790092],[86.93211382889012,20.631829039978243],[87.01511372641738,20.68329255071069],[87.01472299347142,20.694395946715645],[86.97218238520895,20.69926674326564],[87.0100660763884,20.719945591615783],[86.99933034571893,20.762962094125385],[86.98514998228592,20.772205269457686],[86.95121994914138,20.762885606785403],[86.89758587608736,20.763048344505535],[86.88126939076983,20.773049714872514],[86.85719975206695,20.7726554511882],[86.83076880213855,20.754955954253944],[86.82309895835033,20.76932146291523],[86.87177562204738,20.793607629588507],[86.97421893775385,20.793065377065545],[86.98008659322176,20.822435256581855],[86.97917957297898,20.860037591261857],[86.91148280558707,20.978279005971388],[86.89837060831695,21.008734958051946],[86.87515204303241,21.043734291404462],[86.85483532558987,21.093754895671964],[86.843183435767,21.156943239339057],[86.85261038576073,21.194781375360208],[86.86564064310124,21.221787745707957],[86.89305253754463,21.254511692660515],[86.94734906021102,21.352007314386128],[86.98657885932698,21.388795573756795],[87.04101766823084,21.41926427642528],[87.0653793941438,21.44076744156422],[87.06927941391388,21.461180379271127],[87.08835954915395,21.458943851677475],[87.11266127499789,21.483608730058904],[87.15024050339656,21.507884189403853],[87.20466219370536,21.530451882948114],[87.23795609949445,21.537486366502662],[87.36143254517589,21.541140213050426],[87.38771561238565,21.53220057599583],[87.39542852380737,21.54220102096042],[87.35936560993503,21.567877412712505],[87.38447626606688,21.572893481249196],[87.40277846075742,21.54791521341639],[87.41659393776007,21.548854584971195],[87.42745149598983,21.571840908431227],[87.4743987840767,21.599880036834293],[87.53416074851981,21.60756895973975],[87.58509176167553,21.620435732922772],[87.66742700265411,21.632420257688807],[87.70673658422606,21.644578169946612],[87.74421430614535,21.66803391883036],[87.75928579160603,21.684048509830916],[87.78489367660194,21.687020252982336],[87.83661663994604,21.716226241847608],[87.89657214119143,21.774157929444925],[87.96092721941568,21.82606679074985],[88.00360900595092,21.903890000822912],[88.0213930058826,21.94972100092349],[88.05277900624623,22.01332900063295],[88.01776900513556,22.04028000062158],[88.01110800642942,22.07027800082915],[88.02805300634122,22.068332001021076],[88.02693800528476,22.047781000292957],[88.06223300604847,22.013060000818427],[88.0833360061518,22.02138800085561],[88.16694600555377,22.073610000701024],[88.1936120058894,22.110833000442653],[88.13556000608946,22.184723001265525],[88.10610900592593,22.19166900142335],[88.06555200622017,22.189721000623706],[88.03472200541626,22.209444000939925],[88.01832600564069,22.19971900123096],[87.99044000570177,22.20946000077845],[87.97155100607415,22.23660000048966],[87.93750100606661,22.26472300056605],[87.9330520059454,22.313890000723006],[87.94444300603993,22.325281000817597],[87.94277900574656,22.36444400098992],[87.92972600635017,22.40361100044737],[87.94916500616017,22.399445000786216],[87.9583140062864,22.34791100029247],[87.96004600611832,22.2802210011983],[87.98404700586468,22.246464001212757],[88.0261090066254,22.22249900132789],[88.04915500639851,22.220001001245237],[88.07527900602139,22.25278000019688],[88.07861300598552,22.284170000745007],[88.08860700550895,22.302499000628416],[88.10472100576987,22.303890000922877],[88.07277600570814,22.210001001445107],[88.11666800542417,22.20916900084876],[88.16361100644286,22.198340001489953],[88.18805700602604,22.18667100026647],[88.21055700580126,22.149444001239715],[88.21083000580018,22.131667000731568],[88.22416800574894,22.0897210008236],[88.21388900567314,22.034721000573768],[88.17851900594741,21.981802000961636],[88.15383200604231,21.959610000101463],[88.1744620059169,21.93362100040889],[88.17639300503322,21.919721000623724],[88.16361100644286,21.878610000551134],[88.17784200620366,21.84943000119364],[88.20088200659939,21.81946600075537],[88.21806400574934,21.777220000502666],[88.21722300563727,21.764445000436467],[88.28237900568661,21.755021000219017],[88.25836200610178,21.800770001034778],[88.25976600609636,21.809522000839706],[88.26867700513975,21.81762200115446],[88.30603700670258,21.830682000873708],[88.31118800592179,21.8554400004557],[88.31627700587916,21.859540000670563],[88.32565300568172,21.86215000052215],[88.35492700577674,21.85565600052405],[88.35595000618787,21.819740000800437],[88.36370800512037,21.7982560011136],[88.39240900577107,21.803334001463043],[88.38577200637303,21.83940400019452],[88.39382900560418,21.85232000046767],[88.39722500572947,21.88583500098457],[88.41622800521833,21.901271000556278],[88.42418700532608,21.90771200080826],[88.43205200649498,21.902661000804585],[88.44167300590453,21.911390001347513],[88.46188400624197,21.918030000883903],[88.4580620053573,21.897832001146014],[88.47355600580511,21.895341000486837],[88.48323700528363,21.909959001007167],[88.50924700594464,21.90544600063248],[88.49858000596254,21.873710000316294],[88.52805400628739,21.85305600113361],[88.54804200623369,21.8822490010906],[88.54504300642964,21.906041001091353],[88.5780560053804,21.88972000117718],[88.60222000634826,21.906670001319583],[88.61473900630017,21.937539000324648],[88.59834300562528,21.9683300002294],[88.61444000600153,22.019720001277108],[88.63547400562089,22.042614001235222],[88.62674800611563,22.057399000463533],[88.61937000582117,22.105329000233212],[88.63833700544848,22.15528100151704],[88.66380400535064,22.18451100048236],[88.67259200591639,22.205059001072073],[88.69927900542183,22.210133001237068],[88.73361200588943,22.195555001662058],[88.76795705277584,22.193824710542003],[88.7888650061152,22.178350001451463],[88.81519300615236,22.181169001048602],[88.8319700064107,22.167280000871415],[88.84065100653879,22.193003000887813],[88.8595820063046,22.205431001139857],[88.86665400597764,22.195505001154913],[88.87227000595607,22.171369001478297],[88.90249600588601,22.176645001065992],[88.9165880055321,22.225043000833864],[88.92069900625421,22.232630000873883],[88.92645200535583,22.22869400012803],[88.95415500584892,22.225690000992813],[88.95134700675902,22.24273100083508],[88.92980900548127,22.263654000731606],[88.93746900618976,22.297369000578954],[88.91166000580466,22.311670000869867],[88.89157200664283,22.3430820006339],[88.86059600630068,22.365624000547257],[88.85314100605262,22.38272300036624],[88.85607200631807,22.408010000960815],[88.84834300602495,22.43056400142757],[88.81941900588248,22.4303310014746],[88.8025210054401,22.443423000870837],[88.79016200657139,22.481402002200696],[88.77973900525097,22.492638002342005],[88.78011300631027,22.502822001634115],[88.76999600561123,22.511389001001646],[88.75463900608531,22.51518100140214],[88.74526300628276,22.514933001656743],[88.73580200615771,22.509759000477516],[88.71849000550941,22.519263000786907],[88.71230400622494,22.526073000968267],[88.69148200559016,22.522383000774937],[88.69106300605296,22.527799001422807],[88.70848900656244,22.52909500093358],[88.73352100529024,22.511061001164308],[88.74186000583467,22.515200001379014],[88.75305300579163,22.516902001626136],[88.7716660061813,22.51338100203168],[88.7955020064125,22.497233001102188],[88.81093600589202,22.48210000201351],[88.81416300631776,22.456393001835636],[88.83880500594631,22.437171001240756],[88.85194400661067,22.45611300151387],[88.85639100574036,22.51166700213048],[88.86889000656862,22.54583600133043],[88.89638500646294,22.563333002416186],[88.93775200664987,22.57078100144213],[88.93560700575875,22.59055200217324],[88.95709200639106,22.609770001684296],[88.93168847973959,22.640799999120702],[88.95015304792486,22.66300302117253],[88.96204720161711,22.694272635773586],[88.92368842198317,22.736914233405173],[88.9236199601931,22.76835544764583],[88.94209952097617,22.789665285524563],[88.96135458064941,22.79718191631241],[88.97050202674717,22.8453964175107],[88.94896491759692,22.880320256374773],[88.93554342908607,22.870838752606403],[88.91234629194787,22.88029385317884],[88.9000166694338,22.9295797329184],[88.90020554325127,22.951964530438772],[88.86457052051315,22.95796668851193],[88.87182936962978,22.97157695551215],[88.87511910945938,23.02111285127711],[88.88156766041925,23.031764698582037],[88.86962088109885,23.071533378662537],[88.87322702850463,23.09869019479669],[88.90056928934126,23.10870039920411],[88.93445952928391,23.141145228069888],[88.94100478884002,23.171704608480923],[88.96467002759977,23.1923568584823],[88.98546324093587,23.192860974354517],[88.98272204798417,23.22450027686631],[88.95487399853624,23.204993731675415],[88.93355891041546,23.21442840504693],[88.91664012124465,23.232467687433882],[88.85599485258047,23.227102822237498],[88.83419392281132,23.247166928211243],[88.81235209547287,23.252284657011387],[88.81737461574596,23.219072365597242],[88.7887362160036,23.22010304711796],[88.77078448621512,23.24221665227674],[88.75049213230614,23.239882513167515],[88.72375401263764,23.255161882315065],[88.72714369862285,23.272112878006965],[88.70022814900994,23.295323266655487],[88.75032866253781,23.320394502804106],[88.74001054015434,23.330760063526157],[88.76619854452724,23.369992030907554],[88.75691727391313,23.389772514989602],[88.7678821203636,23.44439250221228],[88.7933796477526,23.442919944200128],[88.79183742195954,23.467107328440534],[88.80356163256334,23.482755963716784],[88.78291161557866,23.499874137081804],[88.74642722183887,23.483013493577914],[88.72207432816776,23.509598783357205],[88.69896718978401,23.519685350998202],[88.68786692881577,23.54115577451944],[88.6652467463403,23.55190797627216],[88.64735136537325,23.610612936038194],[88.59116047027953,23.602103957331792],[88.59696512733882,23.628496245405472],[88.56545982021458,23.64781187801583],[88.5777314409533,23.672066010837796],[88.56806711220753,23.716805524455424],[88.57515175454989,23.726568405407647],[88.5846719930181,23.790609611244633],[88.60558295369043,23.818748040989362],[88.5798917860771,23.86161595661116],[88.62628127326224,23.875388826433266],[88.6369216047483,23.8632097666175],[88.6685741443813,23.87398611336846],[88.67074928515143,23.885783350721113],[88.70756138554958,23.90062380574409],[88.70825967404477,23.915768538287466],[88.73703866929918,23.916107723892367],[88.74569772956664,23.93580795517306],[88.73760163500754,23.961811563452954],[88.74488814906886,23.986263442803704],[88.7750849156364,23.98920038219194],[88.76253955295806,24.00984343033008],[88.74159187386596,24.015413550494998],[88.74045855991466,24.057253244241906],[88.72626640367167,24.067380652794952],[88.72948077671651,24.09747844177673],[88.70178370815165,24.098727928351252],[88.70157147354473,24.119747942613515],[88.74806380809832,24.138488953402543],[88.73539049077857,24.168068826415265],[88.73594113397621,24.224132622122852],[88.7418434286314,24.26172734853833],[88.72679635706629,24.298301906507845],[88.7037973540647,24.31132885883983],[88.67539056752071,24.31505594797369],[88.64065523734939,24.30631960626488],[88.62853727567477,24.314861135932745],[88.60585337803104,24.309330299953444],[88.57298615738529,24.322529673905365],[88.55137677871545,24.3027401660259],[88.54286679906357,24.324867675602775],[88.52429320157006,24.343780143039226],[88.50796564200084,24.344618491949916],[88.45305385804915,24.373048042133462],[88.42733565501652,24.37965656449893],[88.37580994717138,24.370297738150157],[88.34318929814765,24.377823861282195],[88.30620708199132,24.40516372092901],[88.27015181055765,24.44223483237164],[88.21548445604287,24.45431567632744],[88.19490374441233,24.464785042196013],[88.17788857219989,24.490667767203718],[88.14664785731281,24.507163565646067],[88.10305513308799,24.54665767101477],[88.05163190928522,24.63060113633344],[88.01749985153697,24.659041457697185],[88.01368173482427,24.67008318718939],[88.07383668951167,24.735127048974164],[88.07131352100225,24.769159880923837],[88.10907791621293,24.78304012440225],[88.1177379369563,24.81865457874585],[88.14347397714238,24.831465241427793],[88.16164014487686,24.850397215159376],[88.16944969115036,24.897922591954114],[88.14821801514933,24.91858175234603],[88.17599321681354,24.945488671165265],[88.22106484376758,24.958248942135015],[88.25244510195995,24.936062301234244],[88.276306508039,24.891458103208947],[88.33616144619384,24.87215832474692],[88.34659741573819,24.88580173176456],[88.33468437538369,24.90585712420699],[88.34687049757548,24.940071414164493],[88.37132271237334,24.952445072881858],[88.39790317009528,24.944010509477494],[88.42923947662058,25.01248263456597],[88.44316344153964,25.010972734903817],[88.45169108567512,25.0345496278631],[88.43867713484195,25.052998264558312],[88.45199192418801,25.070284148894416],[88.44845628003338,25.12295005230311],[88.46172728048964,25.144963736487284],[88.44302542078663,25.201172463338537],[88.46713874765516,25.196094185098616],[88.48718860656902,25.213609817439192],[88.56835973001756,25.174652833961147],[88.59314129723316,25.193329666430998],[88.62485373711036,25.205898619225934],[88.66959812865076,25.203378740436563],[88.68673860879983,25.209993529277995],[88.72694525152218,25.20089620869311],[88.73720858810589,25.189740311166474],[88.80897192251626,25.173955621055143],[88.84848118146141,25.210099469415013],[88.87461296651526,25.19070174668832],[88.9196327295669,25.16572772365555],[88.94953634502639,25.181142501025647],[88.94044000290387,25.20352224705408],[88.96400179534663,25.21060295306387],[88.9560187293809,25.245624487080477],[88.98802850760961,25.27010892009065],[89.01251021837192,25.267204627891317],[89.00514089203858,25.299997256967913],[88.98376077124266,25.30648319094655],[88.93749601103212,25.306857767571955],[88.91683897214091,25.31540222992902],[88.90214384756058,25.337539369446404],[88.88948098485963,25.326638991796074],[88.86903499347022,25.35170103417545],[88.84670152925224,25.365885605536334],[88.84027084872076,25.397962118856753],[88.82410779853615,25.40269238104861],[88.83711151958101,25.42848383655985],[88.8358594447576,25.481165114778264],[88.81491060104344,25.490611240116664],[88.80186470449257,25.522466383516814],[88.76856531553693,25.496584378866032],[88.74865132709715,25.48860529869563],[88.73517874540283,25.498487291255515],[88.71056431898819,25.495897574713354],[88.70065526402925,25.47327134609577],[88.66927733598033,25.474743335736378],[88.64756391294429,25.48301953932031],[88.60735098665879,25.514506021835473],[88.59361796939385,25.50674296511579],[88.55355914014228,25.516023027041115],[88.53522159669939,25.5379062159991],[88.5062559147787,25.550188251786437],[88.49839761625702,25.579789175230303],[88.47144047299946,25.58552745063139],[88.45027496551728,25.60237350533305],[88.46019448948414,25.640334453672153],[88.4562680943971,25.66257830944147],[88.42098960068955,25.66290973659511],[88.40781383933728,25.679701910215044],[88.37497114680104,25.699679192041117],[88.37614842950649,25.713881837976487],[88.30073900160369,25.75889097823608],[88.27815251043006,25.788791424484714],[88.27116468819986,25.80843330415371],[88.23685656837597,25.802548566063535],[88.21166035703993,25.786312505317937],[88.18511731201437,25.794491852816805],[88.15811563163118,25.782757672328785],[88.11594973129513,25.795785916986517],[88.10570139180584,25.845078961624836],[88.11924691121601,25.85511022096],[88.09947075826892,25.871556268007396],[88.09435996324174,25.89396985642378],[88.09956946156149,25.926357375092834],[88.1261943412959,25.94306142504479],[88.12521275016832,25.96839751513329],[88.14923650546041,25.997071565800184],[88.14558825809172,26.01399407186898],[88.17954921892135,26.0224026655506],[88.17428070798832,26.05152044711099],[88.18624297813102,26.063154037528875],[88.1628175175145,26.079482658298105],[88.16316768474093,26.10503261706168],[88.176028105113,26.11779007944864],[88.18278759397236,26.147454070548974],[88.2528259819336,26.19250717686475],[88.27439489201072,26.191733237399035],[88.31096892477609,26.20733941927881],[88.33040130647515,26.205413754041558],[88.35940361418551,26.23502855042733],[88.3507884192502,26.263664735139457],[88.36413825067979,26.293377384059056],[88.41821336565437,26.333025036076606],[88.44187965931889,26.337889243294],[88.45251437363947,26.360111120531826],[88.49469233208549,26.35695712527115],[88.51296587077837,26.360910643011835],[88.52315255184885,26.383097173295937],[88.4951580918725,26.425192574877485],[88.487159469434,26.459866430991042],[88.43606720333884,26.4728677400542],[88.41853309352751,26.46599040853056],[88.3777179964884,26.484499284514413],[88.34570825333327,26.468051516164564],[88.34003994428804,26.486987546737964],[88.3592035447079,26.509503833235385],[88.37712823458043,26.577654416518158],[88.3952392999538,26.61619594558647],[88.42412127567638,26.62225864242248],[88.4294656291355,26.567336187115416],[88.43623563466684,26.54862858344245],[88.45378140958445,26.538086180033247],[88.48365764248626,26.541849584690624],[88.50391400822497,26.51164944026948],[88.51418792982918,26.514416664097837],[88.53268060722428,26.486246917261496],[88.55302880273712,26.48271673738759],[88.57274236556776,26.45795231214953],[88.60087157816088,26.45398401405106],[88.61737061326323,26.47417177051085],[88.63326122102859,26.455469914405057],[88.63286363704725,26.43536722211968],[88.65654208594856,26.41601040415685],[88.68724731031517,26.409394991185934],[88.70632871090135,26.336710500089566],[88.74851287287083,26.34060149246494],[88.72589479211103,26.31247727020991],[88.67998201755614,26.319768637912375],[88.69461434967258,26.296767215734462],[88.66982197980059,26.285368067782144],[88.67568104584365,26.265273952331086],[88.69992862350722,26.278914468927667],[88.74377594670261,26.290159963211806],[88.7599955741365,26.310563203529057],[88.77984855436733,26.299093604486302],[88.80092250187204,26.30887916813913],[88.82324486755664,26.296282952396382],[88.82611177403919,26.2515211472832],[88.85197087205813,26.232585478237297],[88.88519158292524,26.23687275237569],[88.86719947537557,26.255694522284443],[88.87885526735676,26.28581639421128],[88.9250562935132,26.285661021039346],[88.9720171793494,26.241232351791666],[89.00332621573233,26.24670162198231],[89.0520646079953,26.243374862459973],[89.06408668755063,26.254687840071824],[89.05286290649798,26.28343032105255],[89.00404625523055,26.29508881909379],[88.99048219719572,26.306138535465095],[89.00275440249374,26.329902893004146],[88.9906605561398,26.346157770264938],[88.96084097153368,26.346106516102907],[88.95304868055223,26.360562707003396],[88.92114928870876,26.362982297894803],[88.91677833984858,26.406290120492713],[88.93262291221771,26.412983803259976],[88.96772409469128,26.458873789893516],[88.98805222992655,26.44384087185881],[88.98596252385147,26.42008662090086],[89.07319481888584,26.393967584636357],[89.09126602630613,26.39963146991647],[89.10180897830179,26.34065488881214],[89.09979384760805,26.32255869462813],[89.13684715697076,26.316864393377102],[89.13136477016809,26.299325781559617],[89.10657674671955,26.289320696992604],[89.14039712192971,26.242096779243013],[89.15099745336983,26.207224227815914],[89.14082643129484,26.185410111287638],[89.15383657529776,26.169504975873963],[89.1614807461396,26.139587444305164],[89.17665739022641,26.13136085272123],[89.22425194826883,26.126191346353608],[89.25979086675517,26.09453458170566],[89.25963639830121,26.074624029575375],[89.28236989085781,26.052982169191807],[89.32562069374006,26.038776183174377],[89.35768964196347,26.01115881612651],[89.39533749492949,26.01034393592397],[89.41017818827282,26.040840760392825],[89.42984063363838,26.04045829401508],[89.43194526126484,26.015244760837106],[89.4772622367629,25.995982035342706],[89.5037338657254,26.00541572485588],[89.5501990128742,25.998823659184552],[89.548254780234,25.97069619667218],[89.57619045332683,25.96765184675536],[89.59125825876168,25.97953360599115],[89.58280560909162,26.025984218297083],[89.59296566573295,26.044018783739944],[89.614754755028,26.04932403017989],[89.61969507456809,26.063132869286562],[89.6477928000977,26.063174857733543],[89.63560689374322,26.105186627760702],[89.61456309690948,26.094959772175798],[89.59825083570757,26.100811353161475],[89.60832988501625,26.120905804059646],[89.59850158378111,26.161701414588663],[89.61915266646247,26.17990303719546],[89.65982091140597,26.183364010640616],[89.6410452263562,26.21550792994708],[89.64874591868926,26.22871983685104],[89.68752593717232,26.21646820354482],[89.67739466513177,26.202260773216153],[89.71616886500118,26.15695689814237],[89.75306016059801,26.152859495169594],[89.76990956707294,26.131935858553106],[89.7650095821266,26.112526509390932],[89.78748485953872,26.106053402442626],[89.78609280074221,26.0859995766192],[89.8013245867603,26.073145062994286],[89.78813645073666,26.05321002232472],[89.82146714869003,26.023595393212872],[89.81863534004896,25.988989499765637],[89.8352026390906,25.986264889413178],[89.84342866050434,26.004919854867467],[89.87152458828916,25.976084052137367],[89.83118431530397,25.947038322460685],[89.844628102505,25.940543489690356],[89.87949246200759,25.94440737919723],[89.87396397685609,25.91308384484364],[89.84049569611955,25.877774445034674],[89.8351968546512,25.83771291691761],[89.81884559524809,25.81708817537907],[89.83102704276388,25.804709241238527],[89.84337983001518,25.761028326795895],[89.82848374203115,25.742055399736955],[89.84800213309205,25.690496558169684],[89.8719089018744,25.65407857486639],[89.88321007138774,25.61524344952562],[89.87419715217686,25.588010769281652],[89.87916784452045,25.576198704806416],[89.85436843295685,25.481995207912576],[89.85748979361915,25.46771712684398],[89.83701286015543,25.43438679581402],[89.81681678856398,25.369402103124628],[89.83188779918265,25.329655578742006],[89.84290709058979,25.317961043967045],[89.83768585252011,25.295492519564164],[89.8721662842467,25.286606596317426],[89.91091841565242,25.307292811014463],[89.93207815038642,25.299038495130503],[89.97506032397484,25.30049074914882],[89.98376624071949,25.284772298602775],[90.0123730607682,25.271328477227485],[90.06268532057112,25.255476254325743],[90.07516842318427,25.24343699951794],[90.11521606307093,25.223675689881247],[90.16249295718427,25.222977686471097],[90.21731879922328,25.20264078734249],[90.2631399265664,25.194933111773764],[90.27826950823129,25.19744447847995],[90.31183552818715,25.186634428735942],[90.33457905537915,25.191156602195463],[90.38022700657115,25.16121896718164],[90.44744124181989,25.143240148014456],[90.51326258100335,25.167895084390693],[90.59950633764743,25.173148341023193],[90.63920061051982,25.172631604065316],[90.65427117957131,25.18512477189074],[90.69638989517756,25.15917938392147],[90.76337322949098,25.164611861048627],[90.79306640988699,25.181797351366697],[90.82244033095657,25.16296041259301],[90.87231030057995,25.15908999760535],[90.91146661789014,25.161479443221765],[91.06673091609895,25.191581826839865],[91.08446511337434,25.20135221083592],[91.13768567365497,25.192377870742177],[91.21589363618244,25.19980194060713],[91.25503182136151,25.196956437989286],[91.26762582836932,25.206203842833133],[91.34831270196969,25.171871367569622],[91.37933319447143,25.166569641975457],[91.41688031707304,25.17188064047923],[91.43482147533086,25.155157611234813],[91.46981705221526,25.14887320993074],[91.49606190183533,25.134106819474198],[91.51082920420447,25.144529027592625],[91.55679404590853,25.150771761507656],[91.58260989912759,25.169583538149823],[91.60589378576964,25.17310327689478],[91.62162067735244,25.146050774024047],[91.64504305239501,25.12374562406137],[91.69193407259945,25.137540758399325],[91.71418052830882,25.157569560586808],[91.74699835459046,25.148038178619117],[91.74968347031597,25.171087081403755],[91.80943371209622,25.16877306552459],[91.84419351102179,25.178107105658455],[91.86227851943818,25.17442602314253],[91.91640729426126,25.18223955071477],[91.95014368628216,25.182702873338997],[91.98623624270851,25.17097257432488],[92.01390777772184,25.188543140853312],[92.04958189758656,25.18166932927619],[92.07763784690917,25.185601474628413],[92.12547045909446,25.165308281651903],[92.13858950829922,25.142696022203722],[92.17895804247974,25.12271876555866],[92.20274975559681,25.124794801039286],[92.23242841014309,25.096545091882547],[92.3003479494983,25.071482320152995],[92.3266864014563,25.080412177080348],[92.3440450319527,25.07747900315354],[92.34551288740988,25.05508774040692],[92.40475605454833,25.033014430271805],[92.425344459879,25.02952041933196],[92.42295212564017,24.974441231078004],[92.46587489900742,24.962517546347726],[92.45502842492192,24.942259215590354],[92.4843667121541,24.93102665265792],[92.4955106882677,24.906117772916957],[92.49776543972331,24.86791893591021],[92.45113682640346,24.874151127072935],[92.43801117617488,24.859586862843514],[92.40268551572404,24.855346357048802],[92.35092092366176,24.88773558622836],[92.31513563590096,24.900731450795888],[92.3076579898244,24.916249589946688],[92.28551004854995,24.907693957110496],[92.25045549772312,24.907665976503665],[92.25343440577325,24.881481362574846],[92.23698843247024,24.861020254481218],[92.24749073780737,24.833054559320487],[92.27175560403793,24.828706222114533],[92.27462965653348,24.801437879254763],[92.2644845556178,24.764109476271358],[92.27058665265196,24.747685253072007],[92.26606962691181,24.712444722446037],[92.23371468888183,24.69680927213028],[92.22617375121769,24.6799829818292],[92.23963570382472,24.64823535058099],[92.22251664552681,24.608882849763745],[92.23339463905143,24.581009176832083],[92.23341682892357,24.501713959131962],[92.22108477104541,24.501306847732906],[92.17043673856472,24.527497894512294],[92.15426147828464,24.503233222535243],[92.17179910804248,24.421563085967705],[92.13925206762889,24.42170270031943],[92.12416679556122,24.382178337260484],[92.0945218422093,24.374372018653787],[92.03663289759021,24.377280856026744],[92.0102632742308,24.38465155382619],[91.9745884501969,24.382763101635874],[91.99232385436244,24.350878732067883],[91.96231843294936,24.357950387300605],[91.9279339319055,24.339076572725673],[91.92745480369626,24.32165014054158],[91.94469705562466,24.274683472064623],[91.93188563301561,24.22800879097298],[91.91536305546072,24.14772174696111],[91.88992279600029,24.140632536062753],[91.88261956893803,24.158651518053148],[91.85571686973782,24.191197056598924],[91.84800629115745,24.225202158852596],[91.83134858956583,24.21345676651663],[91.79810104652614,24.221649500424178],[91.74976557302284,24.244834196341117],[91.76782342191348,24.148940352615227],[91.74976749307541,24.142152948799605],[91.69456190780585,24.16680061145911],[91.66744262577663,24.231361210851276],[91.6544390908914,24.21944203352308],[91.66261180499089,24.185542334511183],[91.6515392341484,24.178606753898634],[91.64050457152882,24.145296581172317],[91.6448517746897,24.12022121623619],[91.62980322553847,24.09663357008327],[91.60295049626842,24.095438734410095],[91.60554092327504,24.08064794804443],[91.55345396832604,24.075836792733867],[91.50152225524795,24.086089163883855],[91.42819548813134,24.108781673435544],[91.38208837278023,24.10494626635716],[91.3862123183439,24.068867191667607],[91.40416338353339,24.053940842396003],[91.39563366196398,24.022623257057717],[91.36329318053589,23.98523154000361],[91.30731495262302,23.98950278732383],[91.28451065644168,23.980090766076046],[91.26542219527812,23.94695297270158],[91.2689147133434,23.925218905727945],[91.24705068264296,23.912642810517355],[91.23321156606096,23.885691239459163],[91.2539842244924,23.83767418711409],[91.22835065395958,23.78686904936717],[91.22755624232678,23.74532289613478],[91.19997041540239,23.754359872210387],[91.16406904135323,23.745874592438554],[91.1525089929957,23.71153657914988],[91.15776807633569,23.68937859874336],[91.20474714286638,23.68966575587001],[91.20736278416524,23.649592498794846],[91.16151088651827,23.66349746013975],[91.16321891312242,23.601399608305314],[91.21471254215015,23.546554346306095],[91.20813426758247,23.513533257953554],[91.24973454381421,23.489726942544394],[91.25939053854256,23.448367109954233],[91.28265501601624,23.4063178085201],[91.28609278245602,23.376557438874727],[91.29968622314072,23.3504874741177],[91.29452629545221,23.320281308735446],[91.32666393659144,23.238394601030052],[91.32790955158458,23.164448146165057],[91.33492992297761,23.15574881695437],[91.35644086275568,23.09551938221375],[91.37069452633136,23.07486294586829],[91.3930745736327,23.062231618794215],[91.42159540950058,23.071486637298506],[91.40868413786274,23.09368995163004],[91.38445516627297,23.195175930924506],[91.4010752977868,23.245343990732636],[91.41665645423205,23.261189524477004],[91.45714984758746,23.25826374567538],[91.48774758498314,23.204857619283757],[91.49696208633128,23.18009232530062],[91.49404552827855,23.15587206814149],[91.5177895494482,23.144216538762294],[91.51987325974318,23.118400344700206],[91.53855933364639,23.05721640101615],[91.54989524397041,23.033181945590343],[91.54589725565387,22.99774959856518],[91.57919965553975,22.969996492344308],[91.59543736204466,22.976964431463387],[91.62154562353174,22.944180918814425],[91.63861721920938,22.968684798764514],[91.70352133174413,22.990868702128978],[91.71583809125497,22.987597197852438],[91.74823868786524,23.01299344179398],[91.77400270775883,23.04098686485196],[91.78764156510618,23.073921862903717],[91.81090248396254,23.06945157672891],[91.82125702349288,23.09930839866371],[91.81144863594585,23.134577619461595],[91.80538085434301,23.179887169257483],[91.79313393708156,23.200856138899724],[91.79155702173921,23.23128941547418],[91.77851977846507,23.25117215247292],[91.77775905723479,23.276366900612004],[91.78850306256635,23.3065068525093],[91.84135865277966,23.373464088496917],[91.84016024230141,23.392696497845122],[91.86668226027814,23.407560833465766],[91.89255159527994,23.43353431895372],[91.94605280249488,23.438953031956885],[91.94675528452882,23.470663344937464],[91.97870604834549,23.482194122161047],[91.95539435646441,23.586137632046132],[91.95970097232208,23.605030849494142],[91.94820409144575,23.626747606317053],[91.94042978330793,23.6642832400795],[91.94488222153734,23.69149498860287],[91.96161579893004,23.697984997409776],[91.95643287287885,23.72804015133198],[91.98388621887398,23.730698464562522],[92.01240768876386,23.663089180521297],[92.04209330316348,23.647689518056836],[92.08121219518671,23.64883955310296],[92.08980348074607,23.676424118278476],[92.10676134096315,23.676493978514372],[92.13673505318025,23.70731954745918],[92.14615762347557,23.728400371180214],[92.17721691902562,23.737822585344077],[92.18136318216517,23.708111362749264],[92.20843887675284,23.70486210050558],[92.21683110547121,23.690979068229467],[92.2118524451343,23.661247752981467],[92.23848598983665,23.670358776536375],[92.24402548358927,23.710032882111875],[92.26848374992517,23.72439394182703],[92.28235944733069,23.715020845935328],[92.29598171128703,23.687416570318533],[92.27926945412207,23.643473158159793],[92.29863495413986,23.62554870211096],[92.29500141698185,23.59663467904727],[92.31002156824081,23.590440333154902],[92.31312476529575,23.534347468660826],[92.33477297219497,23.464209362072438],[92.33252965382053,23.42951436109894],[92.34797633913678,23.434699232383707],[92.36135786717188,23.409799915134045],[92.35985565671325,23.38630920330712],[92.37896276891672,23.372165692292924],[92.38481097114948,23.34100716644764],[92.37310227475024,23.328517925062215],[92.39184367944233,23.30723954277073],[92.39310753808246,23.263606018103303],[92.40587878977436,23.23824454465006],[92.3574108326439,23.234173295761025],[92.36798135335681,23.149000615486045],[92.37369889039155,23.126154614144184],[92.36662599949034,23.10518657709889],[92.38610033456285,23.088152812302496],[92.39672215710192,23.0513118067945],[92.38508043771208,23.02174859731997],[92.39116784881725,23.005497342528372],[92.37838247956785,22.962649093281073],[92.37543249281538,22.933729198543745],[92.41574477350258,22.918180289089094],[92.43666274528954,22.888304067878494],[92.458622838873,22.873432543976776],[92.4564723754998,22.817059163849365],[92.4651551517889,22.80884368878526],[92.48053904284262,22.750681205473313],[92.51046555773934,22.735090751836765],[92.5206268275661,22.701218595461853],[92.5270249472436,22.642225888613893],[92.53502023139862,22.629766073945234],[92.5392529778427,22.57709063772279],[92.53013554032299,22.56253533793557],[92.54728125812363,22.523615630457016],[92.55006021450737,22.46940699313825],[92.55690518122918,22.416097721033054],[92.58339937508117,22.313201761252344],[92.57982538203584,22.278690715704045],[92.5926526740817,22.254653720592785],[92.59967793508866,22.180837088261057],[92.61442179033344,22.169100184625847],[92.60852508766271,22.126538563703775],[92.5842755710608,22.144054955072193],[92.57362974471698,22.12019957804813],[92.59478653686926,22.078916452232534],[92.60518119695473,22.026330222461866],[92.59995533547044,22.011059539865926],[92.62785839195129,21.9835979776646],[92.66098263524049,22.01405053030777],[92.67851567036195,22.012689745435466],[92.68772279367204,22.03943837458138],[92.68162711869661,22.10377602214578],[92.69490307981334,22.09772291298208],[92.69841010484254,22.13674960201257],[92.70577359727378,22.15183917283963],[92.7633616341322,22.124523711799895],[92.76693878829451,22.114047994019757],[92.81470395132635,22.09367124143472],[92.82321945731218,22.0777614295464],[92.84655977011738,22.060387326214197],[92.86768078813793,22.05873839675968],[92.8721911382105,22.028092144536913],[92.89172409379194,22.009905339160127],[92.91314770670135,21.962977390993842],[92.93949858099478,22.016161788635713],[92.96392366774313,22.024876308295063],[92.98312349015703,21.987792753832593],[93.00655219732613,21.98159553280766],[93.00767683731624,22.008800827795994],[92.9980999649415,22.053275084577535],[93.01183406948678,22.082800293199],[93.0133341692366,22.10303364528653],[93.0628628209625,22.099485609373403],[93.05653066835572,22.12498349559189],[93.04424985114974,22.136133373956113],[93.05227460968553,22.162862098407174],[93.0438963663243,22.18745735757102],[93.05120771606329,22.20063613884679],[93.07886818941546,22.205718748221727],[93.11715392791149,22.195767715607644],[93.12795556179981,22.176307585326867],[93.1601623293281,22.179462933167883],[93.14875247224887,22.245191218599928],[93.18756621081207,22.246700856559357],[93.20575625734546,22.25802385351807],[93.19913758523143,22.277834599787013],[93.1967227733374,22.33413964672735],[93.18985922122613,22.3677778372774],[93.19279603381,22.40021140932913],[93.18811917515984,22.424173271479333],[93.17276309204311,22.44826168532859],[93.14314148059492,22.45548961305525],[93.13193006432107,22.471877209565605],[93.12830117575874,22.523118285580438],[93.10916388770329,22.528865791623048],[93.11302644801225,22.55180234660105],[93.14307912700019,22.583075491041143],[93.13386717073342,22.619874835455335],[93.11232251717047,22.63619978699063],[93.11605330161865,22.648478964732476],[93.10112983107689,22.67111285737252],[93.09557195698028,22.69832451686301],[93.11030657169101,22.74121082811729],[93.09696580632698,22.80738091359831],[93.1138435513389,22.813211233711513],[93.11934863703004,22.859639802734762],[93.13600799067626,22.89022929334726],[93.13646210244411,22.91000957328322],[93.16044910064556,22.91030913296015],[93.14024621129369,22.96123119246562],[93.1453697074461,22.97738880355047],[93.12699164414914,22.99759964560718],[93.13356142192214,23.009681063330447],[93.13075700483199,23.044296530960196],[93.13966969819808,23.057377773565463],[93.16559747474372,23.045730000838944],[93.20388992937677,23.0534802197364],[93.2317565866972,23.018415359980906],[93.250824920134,23.00298858385611],[93.29951665107262,23.00470435991832],[93.33018000930002,23.031965214123375],[93.35575258331511,23.074152487747142],[93.36258347654626,23.112876545915924],[93.39120269285007,23.1347191250876],[93.37153984368888,23.14645557906175],[93.39232482553035,23.22036339455508],[93.37607132243363,23.252244933057284],[93.37704557329465,23.328772163404665],[93.36355707270081,23.350604850933166],[93.41195853755653,23.384005864179358],[93.3960242650079,23.407298800699152],[93.3949699627936,23.42934825721636],[93.40487489975686,23.47131926007586],[93.40543699132417,23.504475591175662],[93.42338688829432,23.527162350462163],[93.42188295113732,23.557524624661767],[93.43090834754224,23.578358239141494],[93.42620448135182,23.649482401091973],[93.44263259771628,23.678318446639025],[93.41494093677488,23.708081234561348],[93.41573727385617,23.728494936692016],[93.40252439478508,23.77102321974587],[93.40906954552315,23.803693436702815],[93.39727690280688,23.820195862249307],[93.39377409020216,23.883273450809156],[93.39694085403727,23.926267910036074],[93.36321797792738,23.942034500391912],[93.34990877696856,23.97407495989154],[93.33578614731289,23.978917383730334],[93.33529244199264,24.01993625905118],[93.34041146581654,24.06355277304209],[93.3324534504664,24.08626844283441],[93.35226410500451,24.093770392189924],[93.41374358030203,24.075167570327153],[93.43115487599681,24.05756243116133],[93.44228264093118,24.023636130203272],[93.46522564135034,23.995060693796006],[93.47035908670256,23.966485440850477],[93.51317275521853,23.942878799217283],[93.5285807355126,23.95643821405241],[93.60728111732976,23.96892024197564],[93.61890453101933,23.9866572945985],[93.61431454148294,24.006196741486463],[93.65041871984812,24.008875901901376],[93.73779887871535,23.994316118993765],[93.7600521926546,23.99922434712596],[93.77128704436166,23.97746541659575],[93.79130616984395,23.96251652581708],[93.80576758400684,23.928077541145683],[93.86387594971535,23.9327196365021],[93.893703650703,23.94957042883226],[93.91857146650005,23.951450877056402],[93.95133261840567,23.944782565962726],[93.96689811135883,23.92848210656399],[94.01514240799577,23.92835819977114],[94.0406297874348,23.912332542612774],[94.04850036440035,23.89473511243557],[94.0934137412512,23.887749132016893],[94.11988459679674,23.836822434707642],[94.1365201705695,23.849948146989448],[94.15867286386163,23.846763909327024],[94.16545729092132,23.883113046829692],[94.16678295277109,23.92267111198231],[94.19320819110521,23.931630551209025],[94.191754175315,23.95893115904579],[94.24260305608624,24.038033795923013],[94.25700449805919,24.083330309146504],[94.25536955845843,24.136741281984598],[94.26009521971866,24.161532505220976],[94.28111225003039,24.17361413338557],[94.29256272319117,24.233572543038463],[94.31066330336881,24.24775154130066],[94.32542817487041,24.28608217035594],[94.32384202528931,24.33262167884743],[94.34920908712974,24.335610160180806],[94.38356616514648,24.378143290580454],[94.36285549338635,24.39327271936054],[94.3966555367237,24.4066389526256],[94.40497721722488,24.42470330361465],[94.40902830151498,24.463143564523932],[94.40098531462064,24.481300435067055],[94.4271115292737,24.48679701047371],[94.46306458646154,24.56895541685907],[94.48290288795795,24.575589606774997],[94.51834744058198,24.6100530179325],[94.54832156558786,24.668137034496567],[94.54862675142351,24.709774146060056],[94.5885716446657,24.704053107964626],[94.60841947807648,24.715185270583845],[94.63090796113357,24.757997890490287],[94.62299696773596,24.777875035504508],[94.63890341346183,24.8418138058625],[94.65452548456352,24.86663648198811],[94.68977613705914,24.892825645587152],[94.7035830318315,24.92724097539076],[94.71678207932956,24.9353778560033],[94.69966232495636,24.961434583639175],[94.71096143322364,24.98667226451346],[94.73999759141577,25.018171706259295],[94.74854590017321,25.056446729333118],[94.74357017072685,25.12958755172417],[94.64585483922951,25.1677149474869],[94.6290311452712,25.183730820920687],[94.59983321702941,25.18862041869744],[94.5835676549234,25.20923735232202],[94.59752468161884,25.260364289080712],[94.59697216603269,25.28259040122606],[94.63429846190456,25.35258037328566],[94.64755667759863,25.39983076707631],[94.66931764059672,25.405961789904723],[94.68706080591153,25.458928385236845],[94.74486440396913,25.47243171115457],[94.77106911774564,25.47451673356045],[94.81079746053445,25.488505079146137],[94.83521360712234,25.54361958107887],[94.85136951129397,25.55640089708379],[94.90329513776044,25.560076319266784],[94.88603765851121,25.580645129269328],[94.9192801158847,25.607801077557724],[94.93351222540895,25.657539226354288],[94.98206607139213,25.697176831145896],[95.00783003013186,25.731374485444178],[95.03210640678532,25.734250672030953],[95.0509506804296,25.75544825023661],[95.04395518968033,25.775613583000506],[95.0478678143482,25.802914854536937],[95.03598841853074,25.813118193749688],[95.03180015255504,25.839464360092222],[95.01402063034789,25.865029556069203],[95.02670027349888,25.912880491941223],[95.05607883776821,25.93996526068827],[95.07762181229685,25.94377848688771],[95.1051273081788,25.961033414760323],[95.11620024054872,25.980633985869815],[95.163411727869,26.02781750877108],[95.16428683746761,26.046226086065076],[95.18410745199736,26.077507297423892],[95.16471138312392,26.091911886124706],[95.1255462551556,26.09400206434384],[95.12676565401176,26.130016940029805],[95.11577909972573,26.15611422888861],[95.12729271608606,26.196284861856952],[95.14151819670747,26.207345772089752],[95.120283606903,26.231893717920798],[95.12874266873922,26.249363237523426],[95.11981360501392,26.268110309743065],[95.13027982505395,26.28573612162478],[95.12752213583798,26.34799432257995],[95.13500760062033,26.38119170323455],[95.10409788121228,26.394704195042607],[95.10805226050348,26.41721655150269],[95.06828174041004,26.460300542735922],[95.12031480798208,26.523391286578658],[95.11436509117607,26.541634758237535],[95.13810649441922,26.55406839094354],[95.15407701863955,26.574389550137653],[95.15437266356764,26.613130109067356],[95.18168579626257,26.636874785842735],[95.20581418857398,26.642699387167056],[95.24011046522583,26.685192466259366],[95.25969119908962,26.67984048205267],[95.2716161653538,26.656263193391737],[95.30213686322571,26.649358841737183],[95.34618733967403,26.671219732005056],[95.36538297934106,26.6708174409722],[95.40593215404573,26.689774147858714],[95.42281225887871,26.689820105913213],[95.46520436928625,26.74351081467239],[95.48300729994702,26.748066407838508],[95.51440219100834,26.806283990813597],[95.54528740209201,26.830907701829005],[95.5743149151013,26.818621598408072],[95.61102356468581,26.81406914927186],[95.63177692366617,26.842329589139297],[95.63635699997565,26.872181412642135],[95.65056918232199,26.87672248625381],[95.67296208183467,26.903074577329903],[95.70302989461402,26.87993095345081],[95.7303107110705,26.88016501460379],[95.75450128250822,26.900535293868757],[95.75211442963729,26.922922312714604],[95.76327757659897,26.93767291107605],[95.7604787164197,26.95672428329908],[95.77927823710104,26.982721288756522],[95.81496330531235,27.01492606338718],[95.8375863530278,27.007945808052625],[95.87672994942767,27.01304905596919],[95.95672201131185,27.060650299571705],[95.97884922681044,27.10319331262133],[96.01664939345483,27.147245667753396],[96.03618068529045,27.18853276227719],[96.08613485663841,27.209458765909346],[96.16343915968952,27.24675999587714],[96.18182238509507,27.246484658540226],[96.21782938631719,27.261741839614274],[96.23406048730169,27.2770394784892],[96.27833757222123,27.27141378202049],[96.3105164310885,27.2940467609493],[96.3473393818071,27.28025772941072],[96.36373916682913,27.292015024274008],[96.39114997129423,27.28634304779348],[96.43306574408888,27.301626528641407],[96.4995482495521,27.300857744089683],[96.53021392803043,27.289443161073052],[96.56129936597301,27.31661862734785],[96.6002747459828,27.335941077718587],[96.59781002801043,27.347795510154697],[96.61998392731647,27.36413699662512],[96.64559327550933,27.359065733097168],[96.66961859831974,27.363476289898927],[96.69317411439391,27.356611705365935],[96.71199806156136,27.371812287607042],[96.74006332336376,27.355419731335587],[96.77231543381026,27.35582851997026],[96.80166575666942,27.345185991440417],[96.81633297618595,27.320196878683078],[96.84890135931033,27.296778416590712],[96.85474188403077,27.270730941180034],[96.88414778409305,27.25826283746005],[96.88898792095586,27.227085152457846],[96.86233726125568,27.20948182182866],[96.86515005822866,27.18987028348687],[96.91723626674036,27.16546740549643],[96.98339345324536,27.15645790011206],[97.02886624977765,27.131290056091245],[97.06121361371737,27.100531766328004],[97.10708992525991,27.110510743576015],[97.12945894597362,27.09287158575512],[97.14487954825262,27.091920747844313],[97.1543971786869,27.115486800375606],[97.17023152666366,27.125892029293766],[97.14850357328135,27.167605041839238],[97.12592745668684,27.17452193633835],[97.11536634378177,27.198669240493132],[97.09388664914962,27.210978838702488],[97.09285935357639,27.237504157191154],[97.04250684731323,27.279627790290363],[97.03929523338837,27.297796257591244],[97.00239558398908,27.32004690593999],[96.99656695819863,27.34529022736217],[96.96820768823426,27.376619332116547],[96.96476945684503,27.405793173815994],[96.94069129526713,27.417488729321462],[96.93270070647247,27.441134832306716],[96.91125603593736,27.453424434989756],[96.91500321592571,27.4835872872236],[96.93720281785579,27.520887141228627],[96.91541643821813,27.549233406996166],[96.91370474058135,27.579466384765908],[96.89890632796471,27.58472016300516],[96.89733739140758,27.61197044567956],[96.9192013852358,27.622584536747013],[96.94212361851027,27.65861805268105],[96.95846788838242,27.665417060449045],[96.99065098755307,27.662086950052753],[96.99242767469747,27.676666663735602],[97.0156367332487,27.73179232805353],[97.06742289914752,27.750779182013673],[97.09625836013527,27.74088571590312],[97.10238104085244,27.78447880255476],[97.1241755629519,27.789514545559882],[97.13728868292645,27.806084665774733],[97.16027522222379,27.81357680082874],[97.20254439890493,27.85537935887038],[97.25648113699492,27.900489362594044],[97.30872820094578,27.92082058610123],[97.34342776777731,27.88471597696082],[97.36466941096461,27.87569896223738],[97.38888333419857,27.886911301215605],[97.37849128394566,27.90863883281594],[97.37814465375283,27.976980666824375],[97.39873385588282,28.025027899518022],[97.37727608402412,28.030090992705198],[97.36631925053302,28.059219010349125],[97.31212717872637,28.061224302459664],[97.31058392500819,28.084596639223548],[97.339449548358,28.110884332545936],[97.32521013813744,28.139703004090393],[97.3313340392346,28.15446881718219],[97.37259413790918,28.191900973151462],[97.40112500841246,28.191933569079026],[97.3752952885468,28.217176928272693],[97.2829306624202,28.2682462418706],[97.24212615849547,28.26722032495809],[97.22521854519977,28.292107132638137],[97.19358528972941,28.286667882716642],[97.17040322343007,28.294609971972704],[97.15989028271042,28.319394649043886],[97.12712778631834,28.348853027245468],[97.09383089927667,28.362445578500683],[97.05309244066365,28.35089218152899],[97.02392041559477,28.319057884413894],[96.99772467615293,28.309066992947407],[96.95410033806019,28.33297249548434],[96.9272542188072,28.338129960829065],[96.92136858499225,28.356523693913402],[96.90014667023269,28.379186068981937],[96.82798311233086,28.360609330156535],[96.77595762154704,28.36762028205044],[96.75919212811431,28.40913993406076],[96.6833076881993,28.44518769705462],[96.66649009344314,28.459830472997965],[96.60062047865222,28.46044710395074],[96.5615177204665,28.44729288316006],[96.55308951886627,28.43647121777252],[96.51220576758215,28.412584989505717],[96.48198109505154,28.418970875705384],[96.46025863382897,28.41360891441991],[96.43396422796678,28.386110962051305],[96.42474085031006,28.345255426097083],[96.40128509513107,28.33882334891848],[96.38195890897651,28.35850930975687],[96.37296157231879,28.388826098046025],[96.32193274529999,28.380759548914114],[96.30676166262072,28.399405221673703],[96.26812603119146,28.411856322811104],[96.33730247293084,28.45755789518074],[96.36918155628388,28.474285647664544],[96.36323791349895,28.50456687226341],[96.32671375173834,28.52532086256781],[96.35705483161524,28.555587115253218],[96.40317770218928,28.557282875104647],[96.40984728942095,28.58941403572919],[96.42495343295462,28.579956726421813],[96.44691408411774,28.600927518090543],[96.47537992194589,28.6173930453528],[96.49767793398951,28.638691625518163],[96.47319494349193,28.67964853305341],[96.49320695443748,28.68356806001799],[96.53489885269994,28.70654745330239],[96.56263651846064,28.706852607661745],[96.58858241094958,28.71655676468299],[96.61823778114876,28.759859125698142],[96.61117787196127,28.793216987673873],[96.58715385586584,28.816779468997368],[96.54055070954769,28.87965491963888],[96.54192769031073,28.916620392217396],[96.52454241560008,28.961016959265294],[96.4908914726634,28.96121864392535],[96.48084264417275,28.990017840650864],[96.52883267189037,29.075418368662838],[96.48078968489608,29.056306320979957],[96.43938084465032,29.033775042784043],[96.35038562929344,29.028598530697707],[96.29733934593412,28.995061539958158],[96.23166718539233,28.925586567366224],[96.17004897348141,28.902245072851883],[96.14887437924926,28.933923521953034],[96.15881890167105,28.95206067665896],[96.18410935386368,28.965000231075862],[96.18855735303947,28.984620263514387],[96.15431023962594,29.04988187814621],[96.12822275337743,29.07754126601668],[96.17350501864178,29.08444372549758],[96.20433527305448,29.102737653619897],[96.22158569892093,29.134966745918632],[96.26431008544216,29.157009879302564],[96.35040820587409,29.16776990155978],[96.36258289048806,29.178375146895576],[96.37552767536198,29.214862622611975],[96.39189596882397,29.230562214374743],[96.39705561142739,29.25341072212717],[96.3793256724419,29.28075743190999],[96.34966329832264,29.2643780749882],[96.31693140136315,29.256157009738274],[96.29727533848614,29.232815882147293],[96.25516258808301,29.23034480506874],[96.23853306494902,29.240608269356187],[96.21452792382468,29.272140381673353],[96.20776126107341,29.29096386389125],[96.18767017723695,29.306670604364967],[96.19046114046932,29.3420059729973],[96.15486512132833,29.396997803805675],[96.11819052547241,29.42538458223271],[96.08572168830534,29.461386555345314],[96.06071007361106,29.45646813789432],[96.0195932702133,29.4193671509733],[95.96210402298232,29.380670089553064],[95.88594517293143,29.38962345655733],[95.84533087921676,29.351831667997146],[95.8318473419813,29.353815120971092],[95.7960563794984,29.33601102658764],[95.78272600849857,29.35458379940286],[95.75047055347335,29.327271702726932],[95.73204138440241,29.30057725683497],[95.70691245584521,29.298559528899204],[95.67818625439219,29.269218136307984],[95.63615979663734,29.247155488535043],[95.6037162771845,29.260049119071653],[95.59258298681544,29.240519746389225],[95.59068447840599,29.216074225245336],[95.54994052763328,29.21373391229025],[95.55148763854373,29.12656137720586],[95.50830401142105,29.14100624204451],[95.4965848756915,29.121654529532975],[95.49373619666818,29.087642364003955],[95.4588641830357,29.034810986238085],[95.42611792570176,29.03908431728746],[95.41469581356102,29.03199383025111],[95.35015094780806,29.044112633691157],[95.307494512262,29.06101862011326],[95.27132122639352,29.055781472137255],[95.25492616910748,29.06673859161276],[95.25565448866377,29.108161885762456],[95.18250149394885,29.106950752575244],[95.11860171999342,29.119686584468354],[95.10353336507279,29.142358119131927],[95.04494296544556,29.151075773827927],[95.01021070645902,29.169238562809483],[95.00032667963262,29.13964020423208],[94.97298612301125,29.15850700859164],[94.92415787498601,29.161131144886497],[94.87726048848083,29.183226627806675],[94.85207530193372,29.18194537807676],[94.80345798899504,29.163580028495574],[94.80349585225184,29.2090701126956],[94.77226184270995,29.251995664968035],[94.7169885798591,29.30372578421759],[94.68325810088072,29.327313329646472],[94.63428502603318,29.348153157542242],[94.61672081231569,29.30063712560292],[94.57986179068916,29.27462978873382],[94.57799337539404,29.24998256854076],[94.56377116560685,29.228282967185237],[94.53891564444149,29.218096605374114],[94.50035636905125,29.21607653470437],[94.4371473679567,29.226322804853623],[94.37820101846228,29.189711162440233],[94.36954592870171,29.156638648155138],[94.35601329207981,29.149622627682163],[94.2936266409568,29.14761894266013],[94.26351747195383,29.116226570599792],[94.22048501816909,29.08350024494041],[94.18089180481297,29.019819374964243],[94.17854622632734,28.991097131427523],[94.16067052072799,28.953984661962636],[94.0843287260899,28.905024335005123],[94.04943524024418,28.87301135518993],[94.03547117545446,28.85260414796312],[94.00032662947041,28.840534300017964],[94.00533323264261,28.818899928289113],[93.9905739360384,28.797396967296265],[94.00667133121704,28.774584540344335],[93.97371165037242,28.750419622067966],[93.9707073841385,28.722232378921206],[93.93962838354315,28.676042465687317],[93.90923599824276,28.675630657129147],[93.87048024346853,28.702765801400687],[93.84924580834746,28.70647040658406],[93.78038659346657,28.66760723678459],[93.73685374430494,28.688435511090006],[93.69081839665176,28.678525416514788],[93.64416820230076,28.66110331366707],[93.61232557026892,28.655097069074543],[93.5298830851363,28.660570103827297],[93.50101540413766,28.6833694681265],[93.48467236813536,28.67434201767003],[93.47964650418288,28.652975897519696],[93.45119310847525,28.675417528596142],[93.41734819346442,28.65228004798587],[93.33784467209398,28.6331003694865],[93.3331304996729,28.607677827569717],[93.30534764837535,28.598941036199903],[93.31067862981496,28.56559567390127],[93.29427747422613,28.54273224010086],[93.28120834998543,28.504102734853404],[93.23433813559654,28.47722666997487],[93.21280402028935,28.45149127010609],[93.18789542113683,28.439248103017576],[93.19557866302495,28.42525675009898],[93.2366343188188,28.399875329682743],[93.2243247817633,28.360619112981738],[93.2277221101873,28.34016461490512],[93.19872931910288,28.317123913038188],[93.15996425544608,28.317604481961325],[93.12982812476821,28.325961566073488],[93.10039507237474,28.306231095988323],[93.07710041275391,28.308437428844343],[93.02699572996903,28.299142222335718],[93.03878260623236,28.26228396783091],[93.00533371577842,28.229925413626972],[92.9909850945865,28.250493886383822],[92.9695875152517,28.26101409452491],[92.91801026995807,28.234234967569762],[92.900263906654,28.2038024707075],[92.84462665939287,28.178561153874227],[92.82272310978374,28.18354588733291],[92.80473707805379,28.2014969660122],[92.78809912377562,28.18299610118919],[92.74161486513395,28.150806787703118],[92.70964214706748,28.13582451678809],[92.68519402778219,28.117266190682187],[92.6678663258703,28.061980320235648],[92.70032859798647,28.047540688551976],[92.74419780798252,27.98848870648868],[92.70591901944726,27.932854176978708],[92.67382129921367,27.89917333338269],[92.60969327912159,27.87658523332192],[92.56525559147241,27.820088868206767],[92.54847207922313,27.81654029090174],[92.51973224944379,27.839318973491856],[92.49716121311957,27.83593271752096],[92.45956696874066,27.80236842965934],[92.44845548693121,27.799906570631777],[92.41858205721621,27.82220301965367],[92.38769760695908,27.81474779727307],[92.38452954270429,27.794188610016363],[92.31213938982103,27.778438576179383],[92.28950145832567,27.806801388573263],[92.27229507225985,27.853238001132922],[92.26010322858122,27.861479569126857],[92.20527915640798,27.85640608607207],[92.16111131663399,27.836360034887775],[92.06034428146347,27.758481564172882],[92.0427411513831,27.75657042658395],[91.98889765320416,27.76939841380579],[91.96060895663811,27.750079740587637],[91.95006299820886,27.728087615850825],[91.92376103624287,27.7145022151052],[91.91340073835346,27.72573196765626],[91.88370351100826,27.72127254529181],[91.86561250591245,27.736389039122912],[91.85038409684864,27.775140692089337],[91.83869403440224,27.779394628359455],[91.83321063945948,27.807075821192257],[91.77643606187479,27.80079091626783],[91.7516016684823,27.802915453085745],[91.69954262848955,27.821728231572706],[91.67482629359864,27.85634101022947],[91.61293488024057,27.853659357793163],[91.57534021228105,27.8604000894926],[91.55140455008001,27.84653227824208],[91.57099312872998,27.814974357180915],[91.60432853733221,27.82049274114712],[91.63358761227852,27.80044287144142],[91.63652570819494,27.771166689591098],[91.62901211351829,27.70552799731928],[91.59706637421385,27.682795310555207],[91.56292919392723,27.633014588752303],[91.58194242230502,27.599085052932878],[91.56712014977518,27.583724389569],[91.59942060597626,27.53902109794535],[91.61424567989428,27.541091843613742],[91.62544818478597,27.512750336159115],[91.64897760613167,27.498421207772594],[91.65807308670367,27.482390482934477],[91.69493373970039,27.5021494138644],[91.71543445663491,27.490629286412513],[91.7185888143224,27.47300291695109],[91.76131950599046,27.47265489280909],[91.77848892992023,27.463849483167166],[91.81408707236056,27.471907425787094],[91.83312704297873,27.46828005348175],[91.85378626362524,27.481843578218616],[91.90308436155408,27.467520219882317],[91.92729686206059,27.470585494325178],[91.94389484147382,27.45984969890452],[92.02323281204468,27.478924606385533],[92.02119112796822,27.457203557997843],[92.04312895074054,27.435647066658873],[92.04639821210787,27.41195584648517],[92.05877280522083,27.399218700682525],[92.05033186292519,27.37835910658754],[92.0643965087919,27.344344285360535],[92.06295732372155,27.326253653483377],[92.08210462752658,27.30931789770284],[92.12138133707913,27.2918117819882],[92.10563688533404,27.268092989499905],[92.07408817962585,27.276370171546205],[92.04399850432759,27.260825172343857],[92.06980032812271,27.243946646720417],[92.07360761160203,27.22262405465642],[92.06017465043982,27.188562217772187],[92.02914781501971,27.170743758517688],[92.04034125834244,27.13739337440478],[92.02603863387588,27.113877610163627],[92.03155379377262,27.077505303427074],[92.04860590024214,27.050874055593226],[92.06766441398156,27.05109843284646],[92.0834217629041,27.019463962392024],[92.10687068863143,27.006576051543618],[92.10567430342644,26.981816978171082],[92.11674665033769,26.974549678125186],[92.1204980733275,26.931193317317764],[92.10079393539189,26.86737209374718],[92.0585574868386,26.84684368398888],[91.98904489200822,26.857109315642447],[91.95750997290696,26.88663601444057],[91.90091051041179,26.9150832704766],[91.85713557094988,26.911277175900977],[91.83549107735138,26.87537698446033],[91.80560510209386,26.851064429879614],[91.73058900797639,26.81160126118931],[91.68298126137614,26.803833885925144],[91.62757381338082,26.820451940904377],[91.59454819694179,26.8039227344467],[91.49662759159014,26.788975908511418],[91.48211824086417,26.79100866321926],[91.41237585036527,26.834842317618893],[91.38361163546864,26.80079412614805],[91.34033599241218,26.778967216763704],[91.29911964125847,26.784496062543326],[91.26646310658714,26.804363852809615],[91.18456993905153,26.810857917558906],[91.13399941643996,26.8079247481287],[91.09341315279482,26.817909351535377],[91.05829109615723,26.77894512941424],[91.00039633472312,26.78777967529186],[90.90145022075114,26.778187852587394],[90.806769273783,26.773644375987203],[90.74562418081138,26.774668532926512],[90.70458093566174,26.76765771323295],[90.6841355926835,26.779892582276887],[90.65386961339198,26.773940584790182],[90.63512820600198,26.791340704609865],[90.56482902184194,26.80071508653208],[90.41489625635722,26.90167094785602],[90.36027869730407,26.89586638792349],[90.35099934044729,26.876208108217668],[90.31692082113904,26.85062800957502],[90.29563311917315,26.84826609940103],[90.2314937784152,26.858036558940114],[90.19995338424133,26.832833716003222],[90.1878415145743,26.803920357538516],[90.19394274466197,26.77039255067575],[90.13308326827826,26.748869387312425],[90.05048657639446,26.7288901953263],[90.0074133284624,26.734192039630955],[89.96315142050173,26.72302960493238],[89.89483980551267,26.72426227418464],[89.86787349546552,26.7368813659823],[89.8604090226583,26.702734973040606],[89.81267099756855,26.714908948988864],[89.78238774319982,26.69921194547493],[89.7606267064574,26.720543124265816],[89.73194031619272,26.722235662745675],[89.70885845145642,26.737022898587952],[89.67513099959604,26.739155317963593],[89.66422122852691,26.71839096477123],[89.61994046897752,26.725549452245502],[89.64750132442663,26.74694176874766],[89.65917926940784,26.77177896262907],[89.63252237290925,26.776133587894833],[89.61697367389598,26.78930859111864],[89.57255949992106,26.801625030470802],[89.53423829126422,26.818902616762387],[89.50217539547816,26.802916379587316],[89.46518163832201,26.80616776962694],[89.45393414844227,26.83466110062932],[89.39552259878894,26.841760280512574],[89.39049759189044,26.861682861075224],[89.36581968503049,26.86327336697235],[89.33441440769883,26.840037234330964],[89.3259906397563,26.85316148341576],[89.25815993093613,26.816339536340593],[89.24178680271882,26.820640765259157],[89.19594094132145,26.808423530121843],[89.1790902623058,26.821558987457365],[89.13525141701933,26.80909631024656],[89.10830208797103,26.836207707020094],[89.11044699083601,26.859732965404078],[89.09414357086916,26.874967899049352],[89.09219337662307,26.897232579519994],[89.05587709225404,26.902409309242273],[89.05284541738217,26.91958527843792],[89.03391437085162,26.93786544153693],[88.99106379595747,26.920635220738916],[88.96888913582501,26.92399484328746],[88.9479621231535,26.938435307743305],[88.96203302290576,26.95405677180264],[88.95313243261575,26.97723798914194],[88.9179741827624,26.99421523154774],[88.89581206367586,26.961165963838198],[88.87934814620007,26.956990273982],[88.87722065960583,27.010648067554314],[88.88546391922455,27.038227682861304],[88.87676333905694,27.108539364899798],[88.83304867035991,27.11746599955626],[88.80698578326735,27.136618314383725],[88.75802761108542,27.142722372839273],[88.76542813400124,27.17175913447653],[88.79171962516062,27.18177973864408],[88.80776295939313,27.220473541820525],[88.80820999349646,27.247377136745513],[88.84231322527518,27.26285455998999],[88.87947122201933,27.25864107972211],[88.90626944697743,27.274756287772504],[88.92947688495036,27.326114920467262],[88.89703568754697,27.336204546702504],[88.88637181180974,27.3642248415033],[88.86379664310067,27.386570106625186],[88.84557757454547,27.37860330310002],[88.81665742889726,27.404960800000993],[88.8021393187746,27.446770236057603],[88.79082378708819,27.455304211420298],[88.7907085038944,27.496241813209167],[88.79608779601506,27.528357016263328],[88.78264902163511,27.537352578558682],[88.7746803484194,27.56470458444909],[88.79318295612859,27.576031971898033],[88.8131296196363,27.60300157436319],[88.81761677709267,27.64167354829567],[88.83002217468368,27.642600618024176],[88.85432706164465,27.668657655926154],[88.85328057453893,27.700071286161005],[88.87017708030805,27.738769740631085],[88.86019637726105,27.77808911761872],[88.86331470810734,27.817661656460302],[88.88894278827911,27.838735921425666],[88.88822771213927,27.895022174333917],[88.86705602811327,27.92504758587745],[88.8443748347309,27.931766543191486],[88.84910814112789,27.99078068717904],[88.83733897431426,28.014936440464396],[88.80776630756912,28.030458229064095],[88.79066368078429,28.05052619762597],[88.75951634070663,28.073059967843278],[88.69430246478697,28.078711980273738],[88.67528380090675,28.073802194515736],[88.6462662065203,28.1040816753291],[88.62506292751215,28.103377612287034],[88.58343989033875,28.085295194817434],[88.5630441899375,28.084511804376348],[88.56085511597087,28.065072259577164],[88.54187488281963,28.036282118125314],[88.50972213756665,28.048578152759603],[88.49044691599244,28.044653728986475],[88.47016438807611,28.01944300349186],[88.43510308603862,28.007736437586573],[88.39734894130066,27.977447790882877],[88.37235340468595,27.987728275739357],[88.34636647703132,27.987571715462366],[88.31341161385495,27.96950581943804],[88.28899432063145,27.967330859431684],[88.2525003302261,27.948076379821146],[88.23833841008963,27.96743775374938],[88.21215246246624,27.966133953519204],[88.2034005076274,27.945723186775695],[88.18228126756651,27.944212082022034],[88.14776652310661,27.962963398142335],[88.12254496347936,27.911672999709197],[88.13488780782615,27.894575994586546],[88.13403139063621,27.873055542679197],[88.17887073169896,27.865981646335968],[88.20237886878982,27.8503012622935],[88.19767780398752,27.834235560123034],[88.17734252094067,27.820523213775346],[88.19882455470952,27.78809835345629],[88.18084576611926,27.74931931523429],[88.1604216453427,27.735507496673677],[88.15201577570753,27.703906769681737],[88.1510492527209,27.66864118844012],[88.13164243694894,27.65313026095282],[88.1162514295599,27.613879432090187],[88.0860319020507,27.589932751395395],[88.0835056866382,27.561639049202824],[88.06714202108748,27.549064552986806],[88.07006146056801,27.533944258620693],[88.04736032022265,27.493289426166143],[88.05060747715339,27.471838919030915],[88.06881411078263,27.45074611454163],[88.07079749450884,27.425672747899057],[88.04894457942885,27.40696151995826],[88.04551529449532,27.367350565676134],[88.06132648852667,27.35324351227831],[88.06232647438736,27.329064422485146],[88.04881605821458,27.31177490488801],[88.03251744782204,27.268683657924498],[88.03322875220522,27.247646954043773],[88.01754859299325,27.221314796440765],[88.01535754141747,27.16202925774411],[87.99422101458822,27.126590160407602],[87.9931420808424,27.10780957854928],[88.0251774285955,27.084791973071162],[88.02823361359043,27.055437340660774],[88.0458279384087,27.038191020199463],[88.08587114373836,27.033525924681726],[88.09303008716887,27.006907426536543],[88.13513980236007,26.980751343599707],[88.12329736508138,26.951281784127104],[88.14418597490288,26.92770877174246],[88.14427320194676,26.889276842152583],[88.17241200221218,26.86798732085822],[88.17601169068706,26.828918327718725],[88.18806344607123,26.767970322072756],[88.18673591812819,26.718193635527882],[88.16663267905494,26.68097249558423],[88.15972667444652,26.63569216656026],[88.13996290336536,26.621250591441708],[88.13258396327933,26.57398820069494],[88.1065963026773,26.55525057405481],[88.1122342937777,26.538856347742296],[88.09970420248703,26.50861809185153],[88.10880770141432,26.46545711325524],[88.09838769573565,26.434481235220858],[88.03338513981242,26.377257590165698],[88.0311851327877,26.355448584484634],[88.01023484386303,26.35503168396508],[87.99242354860792,26.372609759832585],[87.99078384080167,26.392841621743514],[87.9674278024512,26.397857207344316],[87.91982035532521,26.431538052738972],[87.92439392414036,26.44699420162118],[87.90186830987466,26.477164638737122],[87.86021470474486,26.462927049643667],[87.85052439368587,26.435627154969268],[87.79583588621722,26.468369447192288],[87.77701002888978,26.45146924970618],[87.78003885201144,26.434466424286086],[87.76660419472785,26.409010612849556],[87.71538298293837,26.427330727431183],[87.67912896672851,26.43552653432215],[87.6786295731963,26.416226114643507],[87.6515138650729,26.4056272086288],[87.65282645257878,26.392805322407753],[87.58670680377605,26.39383649405903],[87.5553084755058,26.40510711360247],[87.5496895644219,26.418619089199638],[87.47851635884297,26.43978366138691],[87.44405281188784,26.43265537944228],[87.42875958688546,26.42099034422904],[87.38873997077309,26.418686917867035],[87.36509074803968,26.40294821818577],[87.35574950433619,26.38553395472826],[87.35824983456229,26.360511254990456],[87.3411636941492,26.34830960330561],[87.29050520435175,26.374425628639926],[87.26675812368853,26.373735587827184],[87.26555894518924,26.40812616289213],[87.24629239847548,26.41461988589907],[87.18765672068116,26.414052549485632],[87.15750990515807,26.405733421260436],[87.09245604111345,26.452109790934173],[87.07237240366356,26.58645639614582],[87.04604664293828,26.5730352331895],[87.01596808146184,26.533733510792956],[86.93310859058903,26.51175902625812],[86.93189618755906,26.48848431989552],[86.89638386382433,26.48673886800441],[86.89676791930407,26.461556213048823],[86.86614740477899,26.455435525229348],[86.84285161560962,26.43987710994071],[86.82331912947433,26.44044511634911],[86.77283409191989,26.45833901073678],[86.73509807481634,26.424430751078376],[86.69288703570817,26.451011830231835],[86.63545809881225,26.46680929161556],[86.6180262590047,26.486021969838077],[86.57298113417204,26.49787343810874],[86.53832510262146,26.541334962038945],[86.50101288113962,26.54220307131476],[86.45500525508851,26.569179505929526],[86.39827740807596,26.585514130572733],[86.39641395973649,26.594634749893828],[86.35891453178027,26.604405132990564],[86.34561579263476,26.61653384516086],[86.3108949379511,26.619782046204534],[86.29651379457601,26.612955268271037],[86.25646351787708,26.61332187870181],[86.22167179122027,26.589826567741966],[86.20110870000656,26.594466724160043],[86.19453243992024,26.61460483444563],[86.16231525914196,26.613569694985472],[86.14351882223593,26.60429788344061],[86.1270094575205,26.628149167650008],[86.07674686637483,26.65030990088127],[86.07184153585825,26.658981599321407],[86.03018430196403,26.666406787942947],[86.01469792956584,26.65603089041332],[85.9759395604624,26.659473992530764],[85.95675445545379,26.64972125503192],[85.94449381723592,26.61560777008259],[85.91246913454296,26.608738551343095],[85.88807730652252,26.585712890637467],[85.85827956734823,26.569540281558773],[85.85214527728277,26.60834829953444],[85.83066318415865,26.61301949785161],[85.81822476436145,26.603169127253466],[85.80224716337597,26.625174077221914],[85.76891034463677,26.631720035551268],[85.74229615604281,26.64485978625021],[85.7240629870173,26.681032167400645],[85.73596084231906,26.794858879433775],[85.72637774303848,26.816681213966888],[85.67805882605404,26.844669809464165],[85.64384364486835,26.85317252888916],[85.62438201811568,26.873882901175023],[85.6094251890213,26.85696381702661],[85.54500770863888,26.837390652756483],[85.52256476904893,26.81286049191823],[85.49637223119356,26.79679915235903],[85.45470986127111,26.78095451523876],[85.40943622590117,26.790894889087895],[85.37218023722824,26.75779928201132],[85.36181078603903,26.763081317848616],[85.3367916161402,26.741405105161505],[85.30779514592928,26.752197515602916],[85.25842412107636,26.75565897378266],[85.23637670602022,26.762947449265425],[85.20915246951091,26.760463237588397],[85.17926412094249,26.814631888351016],[85.19174163157112,26.829685293841294],[85.1956234751433,26.86896513932976],[85.10546538871677,26.870974477490222],[85.08717074653276,26.854075086695957],[85.06718734751814,26.84979477780678],[85.02730429435775,26.855855971875656],[85.03289841203213,26.874489718725613],[85.0537183828971,26.888972518766764],[85.01081560505617,26.894371642737156],[85.00169282376487,26.91570517505386],[84.97146328050604,26.920187789135184],[84.9794129231679,26.945333720275016],[84.96164977221929,26.962806894722462],[84.93206818869601,26.97170817389315],[84.90095050106481,26.973279315588],[84.85512271693989,26.995852065120744],[84.85781942852384,27.008420275075707],[84.82899636289187,27.020818827926632],[84.80541277358071,27.001315810776077],[84.77754660099492,27.018049069808797],[84.76322238020873,27.00015301345087],[84.70157751329168,27.028942560450844],[84.64616988273394,27.04666995255633],[84.65051207397312,27.073055853644803],[84.67118860656899,27.0906709249233],[84.68783416281644,27.15489412116682],[84.68594154316776,27.181401957734238],[84.69144129767778,27.22332089074655],[84.67604520911914,27.256480376668094],[84.62617408566558,27.336507740539844],[84.56641573829575,27.349281564292824],[84.52677754175022,27.351770889514967],[84.42436907387372,27.37116884966275],[84.39326305584541,27.36919745929538],[84.3405315208131,27.37535448692006],[84.27736064377876,27.3967195512663],[84.27203455465104,27.4289585972615],[84.25514579564202,27.449692135183966],[84.21257441707576,27.449335464959802],[84.21108502915081,27.46745971889095],[84.18980455413691,27.470070886961935],[84.15515347605213,27.486593207310705],[84.14966734177449,27.501319149858944],[84.1171657198222,27.520928140421404],[84.10164944226801,27.498336224537184],[84.07017147093671,27.48086489369996],[84.06323262308712,27.453529528864692],[84.02571082539436,27.43532187990087],[84.00097928296759,27.444820290923758],[83.98381066033375,27.437538241097002],[83.93598173446952,27.44884369677925],[83.9154058378092,27.43988828381731],[83.86944754137102,27.43686687200858],[83.84529956812065,27.441735366294154],[83.83706623341999,27.42193554409016],[83.88632107665643,27.376036016548994],[83.86656167088444,27.34490531932505],[83.82334914584646,27.374973097930194],[83.75186029981302,27.40312398418456],[83.65144096143126,27.452904298594547],[83.60861450095854,27.47001355518148],[83.52364374006663,27.471343984337466],[83.40210258146902,27.47796052775618],[83.40677833395301,27.454121597533742],[83.39168161891166,27.43470569681051],[83.40585953439006,27.398552258979635],[83.39114627857793,27.372679317696395],[83.35759919025048,27.339954291557376],[83.31183556106237,27.329156674041315],[83.27917993380697,27.346562570206515],[83.27241258217498,27.38060884792003],[83.24664996432443,27.401682191080283],[83.21591659657372,27.41719991204633],[83.18416680875129,27.452862520588894],[83.05300912127399,27.447985944096104],[82.97546720294912,27.463898409883768],[82.94733813874416,27.47364276480181],[82.9256565211316,27.500478547247212],[82.88328746844195,27.496056533082594],[82.84139204730519,27.501272219637258],[82.81826403116014,27.495405768361593],[82.74625101617153,27.500216342710075],[82.74106251342431,27.544613656195338],[82.75500244310831,27.58325075172087],[82.73783120524598,27.612242172238496],[82.74415851590283,27.631554717476263],[82.73306715642417,27.652312241217032],[82.71608995538719,27.662099366992265],[82.71973074198024,27.68843501306543],[82.70890155556242,27.711233219037865],[82.69073347317129,27.716494487730472],[82.63345766204151,27.711344191781052],[82.56550724176583,27.688704258394864],[82.51681128491293,27.688990071934313],[82.45857035104092,27.676181067602215],[82.42987094668689,27.687808696414265],[82.38772097694158,27.713955313986617],[82.37964031564809,27.731442763372854],[82.34909578843997,27.753370085660947],[82.29958428768481,27.775250332037217],[82.25841356543373,27.810400625588443],[82.22995090580969,27.82413047274315],[82.20720978520347,27.84568747309845],[82.16002022515335,27.86548614686825],[82.1260027590202,27.865688831574346],[82.10392829505486,27.883822621017202],[82.07451720770302,27.923716689074013],[82.05266247149592,27.921962343787186],[81.97134059109544,27.929454089434728],[81.93992323317076,27.88438948708523],[81.92896326913962,27.859644940461692],[81.89057850449444,27.85757723989775],[81.82229850427262,27.902378922749165],[81.80682621076107,27.902546773115148],[81.78140814477013,27.920405875430845],[81.700329064235,27.988772126032814],[81.67211001836273,27.989723830890114],[81.63287096612225,28.00272969322083],[81.58077131634326,28.028226100054553],[81.56436950784655,28.040732697456065],[81.47828284028094,28.084133379551872],[81.48415265861837,28.11400658083909],[81.45563246486643,28.136513446038748],[81.45018151476518,28.156497012327293],[81.4291711969932,28.17102556897487],[81.38132540973993,28.17313285050068],[81.38112929008474,28.14791393847753],[81.33055047932123,28.137706141325395],[81.31441120901013,28.161161118590826],[81.327356716939,28.17093972059166],[81.32042422100108,28.201816273901954],[81.29300410945217,28.22297824884714],[81.24042206602559,28.28094404503173],[81.2356413248873,28.330020978985033],[81.2149305218262,28.357926687566646],[81.16652174728085,28.368827901586428],[81.11019763561245,28.375901681017808],[81.08614528277866,28.38470244835935],[81.05398753099979,28.406693364407317],[81.01564263150232,28.446870241368572],[80.9663352849455,28.436248825323105],[80.95845919423647,28.44573792026887],[80.90975324591562,28.45701069458795],[80.90006597726313,28.46880523667238],[80.9086104585059,28.494969367642227],[80.89229301181308,28.504534211584655],[80.8419709601917,28.497683751803777],[80.8241443045161,28.515827594767757],[80.78711116694683,28.524523767358005],[80.78818931648385,28.540568507230887],[80.77240285560737,28.563208683434027],[80.7473639338985,28.572983076607727],[80.70266260729358,28.57535105720558],[80.68429297244279,28.602510279026205],[80.66986549509659,28.638239848390356],[80.63165977827623,28.636726106824426],[80.58438343724589,28.661199068981887],[80.59104194033335,28.679289320445832],[80.55778413153251,28.691286412338115],[80.5237649746739,28.678437184928214],[80.50866831449116,28.665791912966483],[80.52275975296027,28.55755243969338],[80.48801288988301,28.58466448128081],[80.46217491873756,28.624258504926104],[80.43301233025488,28.638933802153304],[80.39364741609546,28.63078502530874],[80.37216461610421,28.633280998319492],[80.36188838683967,28.65157601731937],[80.33297222428877,28.666030027363945],[80.32292995815112,28.69654233905777],[80.28223810600383,28.7089321343106],[80.26209909189964,28.725873677228492],[80.27073974484341,28.74351351223885],[80.2475525470125,28.758164739111464],[80.2242534096672,28.75564962672894],[80.19940775676264,28.766453475647438],[80.13338861709104,28.82214356976999],[80.0821635885788,28.823608550094548],[80.06361094349029,28.84525707355516],[80.06660038350094,28.91871627753426],[80.10260716618785,28.981363444267572],[80.12117229476564,28.98528779699427],[80.13019874517602,29.0345570069004],[80.14371663111768,29.058987272844433],[80.13616767689683,29.072449501543304],[80.15224681493862,29.104656714236],[80.19015739135057,29.133188453484365],[80.219495020279,29.119238554815524],[80.24031512874024,29.118805503371334],[80.27209255093055,29.14347711137964],[80.25284316687873,29.21712869833084],[80.30328670162004,29.202952241552737],[80.29756957197822,29.235021469465266],[80.30794598841669,29.28294663358031],[80.3190006852335,29.297878055927583],[80.3166361247574,29.32251026823434],[80.29680530202313,29.326780846458973],[80.2854140752994,29.343722976634126],[80.27755919959742,29.394081293417003],[80.24891352793702,29.408070418714885],[80.24701690450661,29.44579453419044],[80.28798851955457,29.447672901383328],[80.30271061120578,29.48587269886599],[80.35175117657559,29.51482949458557],[80.34937741783364,29.547365039864758],[80.38750398622005,29.570886780100864],[80.41377683353409,29.597776337508037],[80.42458189473871,29.635520288430598],[80.42068072203773,29.649503204809093],[80.39480778704979,29.668714035824166],[80.37043039584614,29.724972541949285],[80.37463753589361,29.749373932461083],[80.40216941608577,29.759784991684057],[80.41005190726975,29.789726399353924],[80.44178992926186,29.805524333781023],[80.48977835618626,29.793655555359635],[80.51132304662138,29.82347039784065],[80.55518534352882,29.853718057042727],[80.57432271612049,29.8948091964873],[80.57251394296418,29.92307144039472],[80.60034443404845,29.953553717430168],[80.62898370073725,29.96379903969398],[80.68155707559862,29.960648765827955],[80.72485170873944,30.000786521380917],[80.74430848005238,30.002070732578318],[80.76145769171916,30.03207993474126],[80.76253941156466,30.047916892550575],[80.7892584359281,30.06637056544929],[80.81111812470175,30.094481430973303],[80.84148091691083,30.101233539096597],[80.8747778057512,30.13050448509398],[80.86790186098216,30.171937449653626],[80.88299003696068,30.18424528699046],[80.90282649214896,30.216038617288405],[80.92173388830838,30.207385233541743],[80.92116422714741,30.185921779766375],[80.93668087881957,30.17658552280369],[80.98033714464356,30.190870780462205],[80.99329191648883,30.18677658447183],[81.04296040559831,30.198538281516505],[81.03434811727186,30.24510544416097],[81.00844187589189,30.264876160706308],[80.93111345032554,30.282366050852602],[80.86020935337899,30.301599636514084],[80.82570697099999,30.31435669510546],[80.78690334261523,30.342474632898018],[80.77385260411444,30.36964264739032],[80.74582321896645,30.396589415169444],[80.71436873792697,30.412711458067406],[80.6753488954352,30.440125659271814],[80.66364048412112,30.43969394422021],[80.60820627140237,30.476599062396872],[80.58101809500914,30.482964481825434],[80.57019727138703,30.461512387386847],[80.54517631273671,30.455432424466892],[80.51891478788718,30.464700673797097],[80.49991241972248,30.48481982277667],[80.43817256281358,30.499992846192924],[80.4152185924641,30.52550823951367],[80.38294494055663,30.521204741605573],[80.33026679287826,30.548305002074244],[80.32031261353632,30.561841825040233],[80.29270126924825,30.568816634080463],[80.25492120245161,30.559727406494687],[80.22566157891879,30.576645692944453],[80.22607698926168,30.60983595636435],[80.21400349276706,30.62189616627512],[80.22377530758445,30.639445676976436],[80.19535829844676,30.66422592848386],[80.19769952691172,30.673967619609982],[80.23466564520339,30.69162993047695],[80.25225832066502,30.735063632980314],[80.23783543885446,30.75965011655967],[80.20547390519664,30.758218796060646],[80.19988908381424,30.781053668292202],[80.17445110143723,30.806521963218074],[80.11817404589556,30.77408136206526],[80.08907897761276,30.794136401973446],[80.08454795842158,30.813768011384695],[80.05919766084344,30.8384400330811],[80.0400066931544,30.83826771398384],[79.98279636076347,30.876707934423678],[79.93018678459248,30.886680298057342],[79.9127222112611,30.9162232916716],[79.89281312322709,30.920864061427324],[79.87905643400728,30.96055699970583],[79.86731132315907,30.974741549482985],[79.82598126712185,30.97206857640373],[79.77559886649453,30.987638498517924],[79.7533666488518,31.00062142543851],[79.74004932431694,30.98540371021312],[79.70845491236435,30.97619261999347],[79.67777792760933,30.981448971193117],[79.66461045350968,30.965097035499866],[79.6309012569875,30.956309043927263],[79.6046966313445,30.9373874447748],[79.54812894549451,30.967747614560835],[79.5528837052189,30.985834579002642],[79.52062806853058,31.01813175807422],[79.5165138302491,31.033708196676002],[79.48113501896603,31.03593692894617],[79.42828892289555,31.032127358490868],[79.42153262213287,31.0715998009901],[79.40763077873748,31.07442105248964],[79.39720178073765,31.11298535958673],[79.34044602596339,31.124468089630682],[79.31499347187128,31.143918554897425],[79.29752819616937,31.175596061509054],[79.30388673758296,31.190334475855423],[79.2783162706794,31.240043992036647],[79.2494274628072,31.24879719423518],[79.26368746480472,31.291407946919264],[79.2367073447682,31.31509230886303],[79.23731733063039,31.332118680332883],[79.1932813017907,31.367066023877953],[79.17921754805144,31.393795999286],[79.144696686403,31.433656501046755],[79.09204027713713,31.453210759768808],[79.07263033532178,31.46723386684954],[79.0527962624376,31.452332636541996],[79.04993667283924,31.422952683719416],[79.02251648035133,31.395551515490126],[79.00899815643982,31.36242664717207],[78.99617130326311,31.351889899599257],[78.94577696053835,31.332795019074922],[78.93206297472653,31.2615048134964],[78.92226624509118,31.254063634029535],[78.89495302066541,31.26560685067568],[78.88291019734777,31.296296386369193],[78.86386341796242,31.3172774249133],[78.84450203234297,31.32515702207894],[78.85583068513807,31.349407373251722],[78.84279604000528,31.376267843885955],[78.79163311687489,31.397408489610143],[78.80810477841283,31.41289375584222],[78.81118318835354,31.44782127563144],[78.75991346263623,31.485440844919083],[78.7317684030894,31.482294210609382],[78.72254429967973,31.51625131604544],[78.73707453626088,31.536109901750592],[78.76587060964096,31.543987809090197],[78.78401371066428,31.560904585578214],[78.81320117529407,31.57131122373403],[78.83878606462525,31.595782135437275],[78.84291719397339,31.62317023381928],[78.80031156292836,31.656494127502015],[78.79577602464389,31.685105632119303],[78.76362909620588,31.680364772316466],[78.75049969220709,31.687266015014643],[78.727959477448,31.74020241560902],[78.74090784342229,31.759202993223596],[78.71956084645598,31.765777775723848],[78.70762306755057,31.788749096693493],[78.7092998463109,31.80972497852497],[78.73689841213206,31.83074519873196],[78.7412395295807,31.880459992135002],[78.74928140761091,31.908502337412983],[78.76195721065682,31.920522106610008],[78.78775470781358,31.995347567836063],[78.75378284899932,31.999639563415144],[78.70686267097557,32.041362310222496],[78.7028903636994,32.05326949509117],[78.66923712839082,32.08394357503602],[78.66474057841504,32.10284152291803],[78.61321105564576,32.11916143375322],[78.59124436733373,32.15442741699178],[78.61118867551704,32.1842998970227],[78.60995764842681,32.2145191151651],[78.56014722381536,32.24464867539609],[78.49990454475898,32.239072259077545],[78.45624695063634,32.24244861351275],[78.48142174821515,32.27377523074233],[78.47844519638875,32.333057258485724],[78.48524755682934,32.354065369321404],[78.51129701614445,32.37338959675253],[78.51320935073102,32.38686727580421],[78.53617248517213,32.414613961764985],[78.49553339265202,32.4219878854326],[78.47943055387702,32.444173705252354],[78.45555161281675,32.4525904081209],[78.46623795271938,32.48637558926208],[78.44924809282526,32.50654548248809],[78.42670351815292,32.508307284953275],[78.41660843033486,32.522681009820815],[78.44386024185673,32.56992120529941],[78.47246165877857,32.5835119956821],[78.49597820902716,32.58090740255466],[78.53573562599837,32.60864849473228],[78.58813759277575,32.61590651557327],[78.61903629548868,32.596067561169036],[78.63902049220201,32.609720443443734],[78.66206537501711,32.65356877477916],[78.72305045701302,32.66119282149157],[78.74957270161894,32.68157908170929],[78.769129353437,32.68636061245235],[78.7626686661261,32.655082928234606],[78.79251500736177,32.618432568208505],[78.79432375893441,32.5890964573357],[78.77641638910512,32.57313998592167],[78.8071481551633,32.48167228694655],[78.82722373019106,32.43870562756274],[78.85886607421003,32.440645179231694],[78.87529522839213,32.417233463853336],[78.90347371034352,32.39286863617866],[78.96014947401909,32.36697245191715],[78.97900245040285,32.33923906962741],[78.9937966389038,32.345216299392746],[79.01459985000315,32.377266832198586],[79.06057590715244,32.39057476151606],[79.11509357850588,32.384223965963315],[79.12572110094811,32.413632428194035],[79.14725012339454,32.43702239526738],[79.131962653154,32.47086607281108],[79.14793324932003,32.48111262894474],[79.19513542056325,32.48299861069739],[79.24163008795824,32.50991917133274],[79.2508831990005,32.53411935112723],[79.2771614656292,32.533999179218824],[79.31113019210471,32.57177545447371],[79.31803969147865,32.59024792769975],[79.33950806004901,32.59201201714092],[79.39452993540823,32.57230893680804],[79.39943242676515,32.537063643372505],[79.42417202172146,32.52717990702712],[79.44812866510586,32.53251729703567],[79.46980970715231,32.576307420651005],[79.51574063362341,32.608119744630585],[79.56712997726669,32.67326059829804],[79.57842541360202,32.67872531162391],[79.62689617481868,32.73753783390396],[79.60322510125746,32.77696932037787],[79.57326021588631,32.78243392128849],[79.506172893864,32.86724769382607],[79.48151898091629,32.8909833360122],[79.46404399073765,32.92007344813118],[79.42230992056642,32.96153817404752],[79.38347320522428,32.972307050130325],[79.33555311778224,33.016331571245075],[79.38231754761676,33.027720842842655],[79.3935313048259,33.05410773048743],[79.37739113159552,33.084736472010604],[79.39344123322638,33.1244495056402],[79.4382768843708,33.18983215552959],[79.45064149770701,33.217335736754876],[79.45490562869185,33.25854828827295],[79.36578697598821,33.28271122534284],[79.32757150602026,33.27258610106776],[79.27786440631735,33.284156849559],[79.24062408743174,33.2978062847323],[79.20858155499485,33.292364081437256],[79.13422518014801,33.2900869287688],[79.09732224282732,33.294596873247144],[79.02580592790133,33.32928080446561],[78.99344870739196,33.330781826020484],[78.9697208911063,33.37413129802104],[78.95366847821776,33.38112089011702],[78.95002332361753,33.40835897438723],[78.93334789189174,33.432796264935746],[78.9308103953835,33.46545943840243],[78.94183055373713,33.499578776139685],[78.94058998394064,33.52655415405104],[78.91532577846198,33.575983250826425],[78.91924642238456,33.63358016309411],[78.98991795734793,33.611187295057675],[79.03015237383306,33.62611625865844],[79.06537610332458,33.62682296840529],[79.10546191493546,33.61365802679654],[79.09046331413072,33.65711325367374],[79.0921221460203,33.679528781028466],[79.05396135753068,33.67814083393239],[79.02052211500364,33.70573739786266],[79.0429711313127,33.74970604589737],[79.06902153401666,33.75784712364589],[79.05383859197747,33.77842261111465],[79.0202025427132,33.77573030710806],[79.00455026967927,33.798548501412256],[78.95353726173528,33.889219344397304],[78.94935838648041,33.91663582808104],[78.93699194931907,33.9271888839599],[78.90568264763613,33.97620644467173],[78.94056395396336,34.02400833961326],[79.01477244519225,34.05030265284523],[79.08409547642515,34.0218952196887],[79.11258389263259,34.01971619744461],[79.14376056230014,34.03519205766736],[79.15162795116908,34.06810420214725],[79.17883516800867,34.07208018315396],[79.19805403086889,34.05124305412369],[79.26017837583146,34.04842154721666],[79.27439436680663,34.0394094508855],[79.30595574666046,34.043040044562474],[79.37565229961399,34.03339595865663],[79.41970833387256,34.01435438094995],[79.43789178747608,34.02855440536155],[79.41422909469702,34.05582633022101],[79.43420375050272,34.09331159925097],[79.46123594668165,34.10198300271344],[79.49473994039602,34.1358784119592],[79.49477824971649,34.179971265361644],[79.51109110267231,34.21049599849158],[79.53710896700528,34.205815430138045],[79.56482371624156,34.21783371185637],[79.58423179915826,34.23835634616847],[79.59216214686563,34.28165232559439],[79.55956843253716,34.33243207637929],[79.56236570990961,34.3582440283393],[79.55398005703404,34.38796164061728],[79.55960137380441,34.41118167539406],[79.52813893826146,34.41798528948959],[79.52730474511793,34.445537975497245],[79.50851027862649,34.474279706443326],[79.58021393492521,34.48992997578779],[79.65240004332742,34.48839827476064],[79.66094828373639,34.4801465309377],[79.73339524139732,34.47832790121174],[79.79403280736824,34.48505450546111],[79.8123987109318,34.496914133280654],[79.81029071174703,34.53130810238707],[79.75846108341233,34.55471612514913],[79.77101256597717,34.582076304078214],[79.79252091211049,34.592587644004595],[79.77197666079434,34.62247488191031],[79.80425630128735,34.6429779163978],[79.86066619209117,34.68875436542169],[79.90030269341463,34.69126103317018],[79.94456097710747,34.681062973877204],[80.04448531064861,34.70438278483772],[80.06904001668346,34.7147770564161],[80.07278596729861,34.746097861327314],[80.06702505686093,34.7906442707166],[80.07314951553775,34.82843171375265],[80.08402308169991,34.84879768166775],[80.10684619349706,34.8680353115804],[80.1236735378036,34.89342733770155],[80.17089087971038,34.988860502809985],[80.1858740130753,35.06321929773247],[80.17785935572476,35.13685587949527],[80.18353720567757,35.16673083985643],[80.21491651778314,35.20378735260431],[80.22868929317639,35.228095782894115],[80.23566987226684,35.276628402179085],[80.27092412834588,35.34423115174633],[80.28354950190806,35.38787662120916],[80.28107723052983,35.44085982342216],[80.29756393322901,35.46079164272021],[80.32864389969626,35.4725759532177],[80.31129902343122,35.55416892255778],[80.29467636122513,35.602395856883334],[80.27588391551035,35.621653959862385],[80.23733566221108,35.64193566849633],[80.11542339747189,35.67698453470854],[80.10564236999943,35.68300522331248],[80.08817656459684,35.72517947475302],[80.05823521808088,35.74993700039232],[80.03823871054811,35.79976218018055],[79.99917735265274,35.837752877193566],[79.95391968654434,35.837166808801214],[79.91855292257935,35.822250278327715],[79.86887729734946,35.78282797393189],[79.79644175298455,35.79724559290986],[79.74604896698628,35.80032187505452],[79.71635663195303,35.817181285587935],[79.66550613330145,35.835271649467074],[79.55985894863164,35.86176971400113],[79.51837404462651,35.883514061125084],[79.42563405316906,35.89512433302161],[79.4031410788977,35.918792332700036],[79.38681724701837,35.99046604876918],[79.29019961811792,35.98972000357537],[79.24182124245641,35.986752017791446],[79.21546326441819,35.9787808372659],[79.18980941327385,35.947195262051764],[79.19782916888107,35.898565204820386],[79.18027106605689,35.87024624516812],[79.13949798354514,35.838598424277905],[79.11766769450855,35.83662276842608],[79.00854539995032,35.854018855685695],[78.95829906135265,35.891698539256254],[78.9399139302837,35.879576586390385],[78.86328831500379,35.86217503664869],[78.80445036799017,35.85579975075797],[78.7687734278515,35.86966954591287],[78.71885184703518,35.86833630367755],[78.69141047371443,35.85627667832608],[78.6581927557911,35.853954406670596],[78.63455137514592,35.82800864008675],[78.61094612386461,35.813864677612855],[78.580572958875,35.80806062759592],[78.52126944183135,35.763769319898245],[78.5063205501533,35.772509160869106],[78.46474951897517,35.774200157911025],[78.4232214034451,35.78532063923615],[78.39054952813825,35.73838721419861],[78.33885784771155,35.720554219201915],[78.273342127837,35.72195401036936],[78.26745405236267,35.71095558683089],[78.27207432926696,35.66889037728913],[78.2363900029963,35.649331594077864],[78.19980139671713,35.653624193102075],[78.1860808116802,35.62403100562648],[78.16648424884909,35.613172572356405],[78.15162701877193,35.57816352992302],[78.15666514048388,35.552026944288116],[78.13731620058223,35.538868954438726],[78.0928752987561,35.55624829991916],[78.07771099966294,35.549157149183145],[78.04631883264807,35.585324373621006],[78.02434033443893,35.587913845547575],[77.96730790143857,35.5749733261581],[77.93763912504562,35.532161592983186],[77.93366535727046,35.512383001974],[77.96490796882773,35.49601185856045],[77.97185844491133,35.45817838642347],[77.92067060606365,35.49423199051398],[77.9059587666838,35.46931743425222],[77.86890349050373,35.48007880908983],[77.82565762489952,35.51043717753379],[77.80831218296095,35.51120338103124],[77.77836086476213,35.49463915497307],[77.75833282070317,35.50222709210669],[77.73744201473727,35.52318532294436],[77.72447520186915,35.515145324497155],[77.72545789106886,35.477091614686344],[77.66579216937316,35.47261012655616],[77.65071358736225,35.48727266600076],[77.62402892879209,35.47209307753354],[77.581987591754,35.475128177923125],[77.51687083362214,35.48860561415779],[77.4924014795447,35.48281652526248],[77.45059581164747,35.46289466865409],[77.37779990714006,35.47836330102558],[77.32222831758287,35.53680363078297],[77.34539457200196,35.54682259188917],[77.37839425469116,35.55034813665725],[77.40669904642391,35.529816467755836],[77.44023074105593,35.51805896065258],[77.47241449942965,35.52111366086683],[77.48369231804611,35.53638235236372],[77.46061315307463,35.54770755356083],[77.46559890996178,35.57331671829195],[77.45685049125723,35.59360844897077],[77.42713685757997,35.610544549191616],[77.43791171865098,35.64108992266188],[77.42694128111526,35.659326087329134],[77.40409780057308,35.661179866157966],[77.38320121916098,35.69313322272012],[77.3584377049362,35.7177200129683],[77.32759901308407,35.7190901355014],[77.31656734970346,35.70001540248887],[77.28545711925074,35.71106878269819],[77.22458208279693,35.71497804749896],[77.22211233671504,35.72711603257892],[77.17531648276952,35.731728485381325],[77.1658828022496,35.75863518026938],[77.14163215789785,35.77145956570644],[77.11953618574643,35.79641395563959],[77.08151496214583,35.79779122328637],[77.03332096099359,35.776417362671225],[77.00443304614822,35.77509162527832],[76.93522436191483,35.7840569190916],[76.89494292887315,35.799736244632015],[76.86535809070335,35.82647348566286],[76.8037793536343,35.850411746904626],[76.785681564053,35.88994448355112],[76.72277072598825,35.953430507312135],[76.75434076991064,35.982672509528754],[76.76822931413159,36.008017287967505],[76.80498646775135,36.01688139006416],[76.8007284647469,36.04899255875961],[76.72600343890764,36.07847706226664],[76.7168607223445,36.08724421654739],[76.69727329572606,36.135897055404826],[76.66479573963176,36.15806056844053],[76.63727976574864,36.184924179507334],[76.60116467321114,36.16554886698668],[76.56297323672555,36.17306528823252],[76.54486273432781,36.19275702002051],[76.48170678064349,36.21140932078356],[76.4560237680825,36.24139686367437],[76.43242518977075,36.25207095301215],[76.45003657382887,36.269405411530556],[76.43200397160604,36.308160981044466],[76.40115260021241,36.32151149236154],[76.35240797205034,36.35987386298842],[76.3241352681282,36.36178796744082],[76.2973903208067,36.35046453970682],[76.25476112752409,36.347793680933705],[76.19863562483425,36.38744551659738],[76.17313488326829,36.39030195227332],[76.12510362523216,36.437459221266124],[76.06922719158166,36.477546382759385],[76.02586648435084,36.486046209065364],[75.99704677948534,36.484333183129934],[75.92336175843843,36.502447732476924],[75.84906521278941,36.54432065257612],[75.80621321966441,36.55433719990191],[75.74833318372953,36.58840641842153],[75.67518963189605,36.69603145778558],[75.6164785702299,36.761599598242924],[75.52794058009374,36.78750156604451],[75.47899126083809,36.80677204999017],[75.46285008756155,36.82522746397632],[75.44805111916389,36.880364533496504],[75.42234063051575,36.88660529519825],[75.40877326027777,36.9166877156656],[75.42793673299389,36.95195491119023],[75.4135016896513,36.96750698535914],[75.3743177928319,36.96131697959498],[75.35466000685386,36.97780944245187],[75.34519657676066,37.00306946968033],[75.34493034775738,37.05137219437131],[75.33288995530722,37.055277319592676],[75.27923881402012,37.046925556769054],[75.26496179235289,37.05192516411506],[75.22565146794096,37.03743529630191],[75.20228820353782,37.02110691475235],[75.17338247761933,36.986125239588205],[75.13584433115102,36.95736354459194],[75.08707726940054,36.94291312374173],[75.06307121456496,36.95987589875375],[75.01874122792537,36.97637072143169],[74.94134029991494,36.934723978129114],[74.92796627492373,36.908861623665075],[74.91405659123876,36.909121598782804],[74.88793069494568,36.94594663952586],[74.84604631478567,36.98993811954864],[74.83386582684648,37.02489137163957],[74.77886248111867,37.02978689594852],[74.75254517671857,37.011540210112685],[74.72824336184175,37.025987633522504],[74.70869466182921,37.07761507987209],[74.68505504565388,37.074847615025476],[74.65926096682023,37.05772972764487],[74.5818401925709,37.04343982408864],[74.5894432607979,37.028580072312536],[74.57869093493878,36.948593748103065],[74.55446210813983,36.95362461228609],[74.53372199077734,36.986096675321335],[74.47748256376934,36.99210023903487],[74.42937733469631,36.98979688641725],[74.41917016706964,36.97512657413216],[74.36530914200335,36.95678347018105],[74.31294157789154,36.915794092623344],[74.26137478811603,36.88656608026042],[74.22546361145658,36.897181675893705],[74.1735261885828,36.90392970289355],[74.15854311367383,36.89249660103735],[74.14642766920161,36.847093975007],[74.12818276492271,36.83269624633476],[74.09268321066168,36.83858701437924],[74.05216328910456,36.80657808511057],[74.02600175627606,36.826279335323136],[73.99991596884695,36.82423605045341],[73.97135620402565,36.8400864459328],[73.93779995700248,36.873949479584894],[73.91339132335094,36.87127999317721],[73.87877128806457,36.89440203782385],[73.80967131747735,36.89647822349127],[73.75961503980233,36.90405801546507],[73.74898470158274,36.89669488006473],[73.71119899423826,36.91275749306391],[73.69031770130096,36.91212831926657],[73.6814303391389,36.885567714078775],[73.71906642447595,36.85720001566824],[73.72650647529366,36.83269002662348],[73.74415236454007,36.83338833040716],[73.7714748933517,36.81811653534987],[73.80944965887471,36.812776368234836],[73.83385443263603,36.7879291253289],[73.86360160473032,36.788243763938624],[73.90006689057458,36.74970075908283],[73.90080940682873,36.70671912598692],[73.86625633775986,36.70006284332561],[73.8090608540752,36.71671308683955],[73.79082695390088,36.70450769487428],[73.72507774214415,36.71000308767242],[73.70058044703006,36.68486784317645],[73.65494306467076,36.69609637264955],[73.63872782682779,36.690179892088395],[73.60746198758073,36.69851480341549],[73.60561147419025,36.715674842020405],[73.52990606681158,36.72072844016543],[73.51147487246743,36.715422680212555],[73.48250572635823,36.73388181289539],[73.46338208461555,36.73169310585223],[73.43628469838018,36.74455549034366],[73.41464942553063,36.73470777724219],[73.36913522690924,36.732647646271914],[73.36083626238366,36.71545476082861],[73.33025123870374,36.715492757185075],[73.31473586856555,36.70642031634458],[73.25269342666036,36.70890749218705],[73.2343977772357,36.69954516657623],[73.20985511582097,36.70192146950029],[73.19387165395375,36.72081692446153],[73.14546512771352,36.70004133693823],[73.13113247668252,36.688302158018246],[73.08497490846531,36.682315561813766],[73.0944272697028,36.66710685150002],[73.09086033004024,36.64302951639911],[73.11247233203255,36.61009630350168],[73.07389584271903,36.56152233788566],[73.06150484147531,36.537742448155484],[73.02197363097832,36.52491806991304],[72.9925277911247,36.49688592204774],[72.99205247694033,36.458105582506676],[72.95896748636045,36.46716576558765],[72.92227478085653,36.46295885127],[72.87745053221636,36.43810316732737],[72.89018987146545,36.42473913650201],[72.89009886547035,36.397831119610544],[72.86530281197525,36.37300394507605],[72.83699076990814,36.36605602576503],[72.81566609591363,36.33837322764242],[72.77855060922332,36.309881063060686],[72.75047943078118,36.30513243941061],[72.7236379790096,36.28407046458034],[72.66439251590197,36.263956500192364],[72.63475651080438,36.276656791777555],[72.59709731558871,36.2642493698126],[72.58543097635851,36.230520817182025],[72.56362574513207,36.21650890216415],[72.55154137223661,36.18116138548959],[72.57380884869946,36.150963177308824],[72.53660067877837,36.114518704474676],[72.5317302113802,36.072412234037415],[72.55003859790304,36.05672891190983],[72.58620648424193,36.050448465824104],[72.59602537676977,36.02734706871229],[72.57324507809795,35.99642871581261],[72.55611258392867,35.99667416687936],[72.54892791179373,35.96345250363021],[72.53113405619177,35.952871875436756],[72.53372479616246,35.91744113460072],[72.57007988357981,35.90577871281738],[72.59503769093675,35.87563046827154],[72.64564753730406,35.86634787025804],[72.66040889515443,35.84919002420031],[72.6911415164679,35.83287699677601],[72.72339901025617,35.853922907915944],[72.74975151322184,35.856380193890914],[72.77729009336315,35.844024155590375],[72.7990200980991,35.86749044542779],[72.82527609661463,35.87481978700362],[72.90162953477528,35.88166942390484],[72.90404266403777,35.855209288278104],[72.92940957389277,35.845540293849524],[72.9578226457985,35.84771705160068],[72.98791957322976,35.861241074516045],[73.03810914482125,35.85476225867137],[73.07915729307467,35.886261350580924],[73.1004263799735,35.87823196952985],[73.11960941384342,35.85866301408686],[73.15303416109771,35.84255830292341],[73.13497851374746,35.78548026080546],[73.13281728459009,35.738466552389525],[73.13929740714968,35.71857354063644],[73.18643614291375,35.68721957052679],[73.21553142163788,35.675075624740316],[73.27273466647176,35.629756985496556],[73.31397216967997,35.61558586259753],[73.36968663542996,35.60419176253987],[73.40682763588677,35.56401187105104],[73.48175397856329,35.5772828490243],[73.50217992586295,35.566453417990886],[73.53205411820306,35.571131829770195],[73.55785539880765,35.555672274256096],[73.60660115112228,35.56090733130833],[73.63935277561018,35.57081863007579],[73.67269900215729,35.55121914804528],[73.72079024587322,35.55347405148632],[73.73505363022093,35.53664792845916],[73.78604238165065,35.52433405936938],[73.7956395391335,35.46197764075555],[73.75472072058483,35.442023921167106],[73.73890815778532,35.42793214455287],[73.70957368907455,35.382645334114954],[73.70044836989643,35.358376283338885],[73.69987270036489,35.32321744173163],[73.72708169426483,35.27825642689265],[73.71517946466065,35.22844622711176],[73.7317244191467,35.21730055487677],[73.77753821071991,35.243857874841126],[73.81158626999041,35.242463780878836],[73.84680500644595,35.22959869572327],[73.86520535854049,35.21079825143818],[73.91727302213235,35.21221451818553],[73.96362307674366,35.17404611693479],[73.99209105046168,35.184713306673814],[74.00908546632127,35.166085194076516],[74.0450103144745,35.14642546016688],[74.07382929988233,35.154371923725364],[74.10203099063779,35.14584295308987],[74.13422759133033,35.11260306687808],[74.09515580849381,35.097489472461234],[74.06636023783477,35.0485310907373],[74.09773354067045,35.03418399839285],[74.10399443729352,35.01468385007968],[74.06030015263002,34.99161819382465],[74.07426339813736,34.94110413424846],[74.04388977988947,34.92185661898782],[74.0303515171089,34.87763456538295],[73.9727830980616,34.863730818122804],[73.96621662529708,34.84468236240116],[73.93565459188596,34.83351347057027],[73.91815315084727,34.81448315597294],[73.8974377099824,34.821757855640556],[73.86741545236129,34.811484634608235],[73.8437719843896,34.81581086288105],[73.82114714432532,34.79596493153639],[73.77380435778497,34.796878583379964],[73.73140600608235,34.771457049603214],[73.70658302958321,34.72536409227911],[73.67032598895327,34.68969174767608],[73.66694348405463,34.66613882614598],[73.69422344165855,34.65763981462578],[73.69030371504448,34.64356723673865],[73.66019377532251,34.6104371658426],[73.66086601765267,34.58900408307204],[73.63947892801019,34.566199363310034],[73.61893534219234,34.58591398014613],[73.55353913052653,34.59316730113011],[73.53550225022872,34.577674813342014],[73.50073396170302,34.58055626006342],[73.44775220200256,34.57423386060424],[73.44128148185496,34.538416583958224],[73.43080710226599,34.52600464469867],[73.43749942885563,34.50445310862409],[73.42224780559184,34.470693452041246],[73.42537599390704,34.442291026309874],[73.40034189706097,34.35947940634958],[73.42627025007204,34.349424871660574],[73.47042092268748,34.264451638532364],[73.47791102797163,34.23477488335425],[73.49308288676588,34.22015929031903],[73.48901380344432,34.14476785605177],[73.51430240932876,34.026510270632514],[73.51494896522263,34.006609240524085],[73.54961225789941,33.93151005984146],[73.58616959654972,33.89944630880018],[73.58567804960234,33.86456747201129],[73.5728523547524,33.84582965021821],[73.55838150760053,33.78359767439321],[73.59129133542683,33.75415467729658],[73.59749723311086,33.728261680232436],[73.59188908960988,33.7000398293747],[73.56316943791927,33.67589990865389],[73.57337303433815,33.618331902395425],[73.61955341835562,33.57759335385026],[73.61837027207048,33.546037069555155],[73.6309751995459,33.53791174523093],[73.60556213108754,33.51451221116969],[73.59597882136558,33.49255025149296],[73.62490716163626,33.457559838515806],[73.589672840829,33.444168060007996],[73.58225948638625,33.414706654688416],[73.56752637534203,33.398331408567685],[73.55853717754877,33.36844530920371],[73.5658259255261,33.3425136260031],[73.58301579374393,33.32936414553893],[73.60562996155352,33.251706115744696],[73.62542256579883,33.22306947597559],[73.65816400996113,33.205130462600835],[73.65644490910535,33.169251728984136],[73.63048768335995,33.12810019736628],[73.63176530342605,33.08660103550943],[73.68855198858347,33.08844439928964],[73.73526585673397,33.066658157248185],[73.74027467943296,33.04360168846722],[73.79022759712598,32.993518521062924],[73.779731229113,32.97469728535151],[73.8064842919166,32.971345969840684],[73.82267729941788,33.005706402328656],[73.8928016050101,33.002793666394666],[73.92551418453206,32.98611561044714],[73.95832599884585,32.98695077126115],[73.96852878407617,32.96919385351356],[73.99728353990349,32.96016657932421],[73.98826017506707,32.93573774689958],[74.01428162229911,32.929840540608495],[74.05232677146341,32.93069544963532],[74.05535351715116,32.911743189896356],[74.11335440398261,32.89548782340438],[74.17821703798597,32.88300206869059],[74.20245702537147,32.8706985867704],[74.2173728921453,32.84527032156814],[74.24431809060746,32.84236039331756],[74.26451288246363,32.83019376033383],[74.29987350765629,32.82440868151548],[74.31197442448018,32.791470535836595],[74.35456511868534,32.7633157492225],[74.38370604699651,32.757870225630484],[74.40306157982809,32.779966249043184],[74.45451094332543,32.78442296444831],[74.46097781077742,32.773170221628504],[74.5012865868066,32.760381246097666],[74.50728817650821,32.74392667347723],[74.54385398947011,32.74331803390021],[74.61663169979317,32.75528879184429],[74.65029904996123,32.7873510428164],[74.63237407230565,32.80160152998667],[74.64891343570656,32.8252695503495],[74.66430281532274,32.82160731852298],[74.70136122923742,32.83507678496568],[74.70003507276044,32.81052620052378],[74.68210312266103,32.781889432151615],[74.65038554945357,32.69828110189138],[74.66223811399783,32.67277838631355],[74.69267744211032,32.65482132804192],[74.65113030771761,32.62763243758695],[74.63843701285793,32.595398729967485],[74.64954803511381,32.59103427870906],[74.65209935330256,32.55925602824317],[74.66306909296435,32.535990080377985],[74.68824263419026,32.5256804790709],[74.68103933349852,32.486480639070294],[74.71595304689566,32.47059316184499],[74.78429213077726,32.46971277142734],[74.81608080708361,32.488322988415234],[74.85980472800583,32.48414337121966],[74.89564752201557,32.46142157884282],[74.93607494380365,32.462636096178926],[74.94663128670459,32.44341205142507],[74.99152822125046,32.44738866465519],[75.01771867897389,32.465678015228264],[75.03329727235132,32.49268650617739],[75.05476501409419,32.4759175179791],[75.08981528324875,32.46428427200158],[75.11004623144851,32.47018217706585],[75.12656775140067,32.43082271010002],[75.13049278401485,32.40608487871424],[75.18969571548496,32.41994820054907],[75.21316591197728,32.39541823036711],[75.25892005151923,32.364776296688774],[75.28539835165265,32.36685968592582],[75.28910750290896,32.35167173466289],[75.34116596373832,32.320769224220385],[75.32800313463702,32.29597199890867],[75.37144935570325,32.279021736164225],[75.37873120857847,32.23874181308423],[75.36123068754625,32.218514946907305],[75.33270972217599,32.218674728555925],[75.31386164439942,32.1959263216425],[75.32168147352127,32.17465373188429],[75.28304291749669,32.14278096626862],[75.28290234446769,32.11949461818216],[75.23965708500651,32.090936520703906],[75.20787491529518,32.11532138707241],[75.19974409611319,32.08441285207152],[75.13456115687194,32.08398909062407],[75.10032447109751,32.06376862132487],[75.06184022074967,32.052601767357714],[75.0075028535739,32.0439497721643],[74.94029262480484,32.066940903399995],[74.91402219486844,32.05163872474742],[74.87652637769025,32.04652671293752],[74.8817558256709,32.032537593934876],[74.85834635230236,32.00971780603197],[74.83186195836277,31.99530876928435],[74.83397154575027,31.97791324410099],[74.81543052979515,31.963242401215894],[74.74778147683372,31.938341832109927],[74.72145903190886,31.937119808132707],[74.7236107579302,31.92153789355899],[74.69001508372918,31.92336418460951],[74.66581139567944,31.911636285885947],[74.6363435557106,31.883159990741035],[74.61175345236,31.8853994582185],[74.60965617489262,31.866650861647997],[74.56994993294313,31.83073460561758],[74.57377979660038,31.817165345004696],[74.55748586538044,31.77829792590859],[74.56546375934505,31.759323809945897],[74.51796402941648,31.74099289540584],[74.48603619651334,31.722434652037634],[74.5071784879969,31.69915747523737],[74.53607561549734,31.680922780961623],[74.55410123988037,31.618334881349767],[74.57761192834789,31.606621756688753],[74.59348254958007,31.57905746313145],[74.62047197400244,31.566557611544567],[74.61684317896959,31.535470851598575],[74.58592008934073,31.520982504539006],[74.65495426732565,31.462702247810512],[74.63125102771284,31.430004135682395],[74.60251363059962,31.42272339796648],[74.58796487248094,31.383848459638727],[74.55353182153641,31.366899052149563],[74.5504307495795,31.333452078150913],[74.52350491621894,31.27357432329643],[74.53454951904513,31.248722662021294],[74.52677266672526,31.210520360826024],[74.51347638722552,31.181061300938325],[74.51826046394933,31.13686956347965],[74.55659579555959,31.117907648619166],[74.55844887111857,31.08947407576801],[74.57787529031248,31.08518151901194],[74.60013924413084,31.09399737068219],[74.61245163293654,31.112292920282073],[74.60430581396218,31.12808687790715],[74.63851962907768,31.136440160584982],[74.69137811960456,31.129640973851906],[74.70662435682868,31.09595534945987],[74.69532298226989,31.072711782123122],[74.66808712562039,31.055090914714015],[74.5996836628708,31.043592668666804],[74.59653387733664,31.055342087267547],[74.56558438361247,31.05421180852818],[74.54990683063579,31.032517848619875],[74.55036363497385,30.998152522920634],[74.5162069600832,30.97871782187002],[74.4596738873401,30.969665715600343],[74.42777214466878,30.944543563434763],[74.42552677763871,30.911535800336992],[74.40796969104844,30.912420733230306],[74.37229435260235,30.894945702582163],[74.36418986377123,30.878772313791274],[74.38197944219758,30.861082561910735],[74.32748482946135,30.848796151820977],[74.31885300246415,30.822339316706177],[74.2980204968485,30.796994645286702],[74.27595791562538,30.75831838608468],[74.28701606044291,30.73527314264146],[74.26772864406172,30.726435807966197],[74.23300781006242,30.723181295480458],[74.22060096186493,30.692430143636273],[74.1993393159567,30.668639870333777],[74.14053787422358,30.62936925728542],[74.12904155722214,30.633646870007112],[74.10261784413825,30.599647634930477],[74.10173153977877,30.574334318374156],[74.0783437553601,30.5564074386524],[74.09149337162188,30.542226780241776],[74.0676288763716,30.520679707502552],[74.01595873560723,30.532678266189066],[73.97124689772619,30.48866522851756],[73.96743501421457,30.463107395290137],[73.93987666787399,30.455956670763783],[73.93530474391883,30.437660270405217],[73.96887527757207,30.443004187693134],[73.96746965879777,30.42423109538879],[73.88539679502611,30.362642078169415],[73.90711519850765,30.350774188278194],[73.9441218366535,30.30463155240426],[73.96756127633188,30.263176733419584],[73.97591223156428,30.19643423215416],[73.84696803644579,30.11035582486147],[73.80321164460179,30.071390590103704],[73.7630374116473,30.05837322724267],[73.61998073931971,30.024630398773922],[73.54851859775516,29.997794790797002],[73.48365681091315,29.97699401506179],[73.40761965802085,29.946205787766928],[73.39372014207095,29.928836807872415],[73.34823797460291,29.771619193870777],[73.31972323613849,29.68897709971344],[73.30517084565804,29.636294852025856],[73.28226504299738,29.56940459574554],[73.27072838420764,29.545905971683283],[73.19823811159961,29.431411219851952],[73.14367574753777,29.33221836698408],[73.08482212354221,29.236374092090728],[72.99880583781919,29.142690361071345],[72.99162442482742,29.120807872685248],[72.94945541913233,29.0331148082019],[72.93384586659351,29.023175459579875],[72.74662224661944,28.952092540538388],[72.65559123234954,28.907409015114013],[72.52441321389875,28.83304681985493],[72.4509329001333,28.797825085059685],[72.40696333029354,28.782692152520895],[72.38886392283183,28.76879920971578],[72.34832974432231,28.72101429667248],[72.31161708466078,28.686349629831625],[72.29375060610562,28.65499617593281],[72.28707740090141,28.624782026369473],[72.23612235246463,28.48389002490478],[72.20520639086232,28.390358192976294],[72.12871303797635,28.308797721537644],[72.02130518488644,28.23225543923718],[71.9990829605103,28.21411271592916],[71.93233285008102,28.127789418746715],[71.91390103340603,28.053902566450347],[71.91343590494313,28.03195633231894],[71.89865703729248,27.96321370374949],[71.85967751770335,27.947320029295952],[71.76650965579603,27.916188091007655],[71.65885047187186,27.875565418309463],[71.586988325351,27.877237727439194],[71.53108049816649,27.872464091844392],[71.40975202473624,27.873468282934937],[71.27263113511884,27.85017773591386],[71.20813462950957,27.832853728416865],[71.0328924541235,27.766479424885574],[70.90529983931617,27.71037007491907],[70.88253801181986,27.708226072275465],[70.81724122290416,27.714424121575973],[70.76785482504022,27.724898737686658],[70.73755605826551,27.751517034383653],[70.72142887034613,27.78263816461964],[70.68744480593313,27.828150309189482],[70.68031626678237,27.870359484003018],[70.67701368643253,27.92394917461479],[70.61915157398602,27.977139906181776],[70.59245300919906,28.00964490868563],[70.54750164768296,28.029390508964866],[70.4967233205249,28.036582613996472],[70.44238709818609,28.0215749642133],[70.37431444385658,28.012031513343743],[70.3102599973011,27.948879151551637],[70.22488697955055,27.898386082152],[70.1973200455837,27.866540572289637],[70.13468895153392,27.80702397257835],[70.0750626471235,27.66421043106658],[70.0396783373854,27.585993718135626],[70.02464740865105,27.56131690215335],[69.96479186435312,27.522874649245693],[69.94078727631182,27.502492335253123],[69.9132346505587,27.460435333823625],[69.87166690999993,27.40918420248903],[69.79038515195327,27.35022096912246],[69.76394967753566,27.324657026800423],[69.70509583410552,27.28522756739835],[69.65381502244537,27.23344312639921],[69.58968520820582,27.18293801687605],[69.5517616815564,27.1033201485061],[69.51542615619223,27.014428411841777],[69.49888761746962,26.87198119027977],[69.48436528502992,26.80800192704737],[69.50555849612778,26.753014745733992],[69.51468831821137,26.74195790043683],[69.55297619889251,26.728058140770656],[69.67028322519076,26.676831331600738],[69.71090346702147,26.66199735709239],[69.73698599980412,26.646315995486873],[69.80077554925225,26.59900141708181],[69.87936504466114,26.580561667487018],[69.97398508234573,26.587917155052708],[70.04846625971015,26.600964727939868],[70.09860588745181,26.59499575305159],[70.16401560603543,26.56041667558918],[70.17329952335439,26.551099190175535],[70.18331662106527,26.48426311624985],[70.1776986281892,26.4258819987553],[70.18353757729739,26.361417959571213],[70.16570162443048,26.30088695876617],[70.17417110311396,26.25668459671681],[70.1721135819763,26.23113645188579],[70.14746167991268,26.170363731301222],[70.08641487204875,26.087857251311164],[70.08581294950807,26.061644216107766],[70.09927148559063,25.935461610564914],[70.15623370582091,25.85530056516899],[70.1687840462468,25.8304838362601],[70.19408877157957,25.81608294107491],[70.23539111231003,25.776870310916195],[70.25164915698309,25.752810435253423],[70.26312619251985,25.71913251984995],[70.27605905598068,25.7092609162583],[70.36622633527719,25.678334649324654],[70.39073281246937,25.673557964128804],[70.48170615321646,25.685314423521902],[70.52431635101885,25.68534275666292],[70.59356356400735,25.71211767569025],[70.63885894588373,25.715218748546476],[70.65798236819177,25.705805503321358],[70.67311457587704,25.66923330607227],[70.66777292218268,25.532249228519106],[70.67933701928808,25.526548033065296],[70.66533780629476,25.397572810436884],[70.71437101880753,25.35315716247311],[70.7354651596894,25.328848065785678],[70.7501782842005,25.282751497683535],[70.80051452442581,25.23129433526543],[70.8855188534124,25.151174084016816],[70.91650702427978,25.001579537365785],[70.93630882589167,24.941284191312434],[70.99480419685625,24.8593395771598],[71.02605765243874,24.805058985983464],[71.06349619899044,24.71808045175152],[71.09106803516175,24.689302063539458],[71.07552875474829,24.66742068491675],[71.03646189120337,24.64494426176833],[71.01074819557283,24.636737605456176],[70.99066582256972,24.605497382498243],[70.99342042801038,24.572713546093325],[70.98820833334798,24.547589122240254],[71.00529571482542,24.52894598646816],[70.99728290827966,24.47280846164125],[71.0000036209704,24.445924292971767],[71.02843795374861,24.43619164902543],[71.10902040526753,24.436773038245178],[71.12418439139662,24.419459848693123],[71.1120755425523,24.39654753584017],[71.07813073084861,24.38725439237635],[71.05753674792265,24.362958220745327],[71.0367976863642,24.353276894812893],[71.00246834793597,24.352925980249836],[70.98789472086474,24.36670553023606],[70.9490480113567,24.352516171783975],[70.91395484454051,24.323551038449693],[70.87400949084537,24.2972803189316],[70.87790390783914,24.27535634122222],[70.89984362638234,24.265094187246973],[70.8789920956088,24.246411526270947],[70.86004575430815,24.245591075667676],[70.8339203112734,24.228845987852083],[70.78287518763983,24.221213125085683],[70.72203817182424,24.21652866716431],[70.64469712517223,24.22459276204637],[70.57428626949581,24.255069370655008],[70.58169648710327,24.272353375407988],[70.57749806958032,24.303840772533704],[70.55990815323872,24.352381661984168],[70.58001772803578,24.36638668549716],[70.59965468841318,24.409233860953975],[70.57357694721838,24.421688958678544],[70.54239644194229,24.40962822895966],[70.46296670095256,24.38742959559943],[70.43000520527607,24.38156559767424],[70.37243529425348,24.35369155781916],[70.30403949822431,24.348114432834848],[70.24600490120531,24.32456146723797],[70.21981837891514,24.322203200217587],[70.18326273009097,24.30905163062829],[70.10809962110068,24.293612886325718],[70.06382284644724,24.196713391010235],[70.0164739705973,24.169912895263963],[69.73009270081752,24.17183901645751],[69.60423946388022,24.28122446793492],[69.5878698637033,24.291326259299467],[69.56340077582519,24.282780253705766],[69.48444599198899,24.267795153523593],[69.43736389372879,24.279501684355296],[69.37507297004157,24.270400722415445],[69.30863075780331,24.280705843300098],[69.19276826034701,24.237929034397496],[69.09804806156882,24.27211227256339],[69.03999313177769,24.24504847420775],[69.00519074365798,24.223190692896196],[68.98208288311861,24.233380259891135],[68.96905277326692,24.271706085667347],[68.94317492618194,24.302120570907675],[68.91444439719123,24.284467100376446],[68.89479590480721,24.26124891370648],[68.87839555321227,24.214879420249076],[68.8510307139963,24.221059923776522],[68.84202997430395,24.256800276011973],[68.84214842131263,24.281301463391856],[68.82753937264397,24.316829269854964],[68.80582003386752,24.312833026223245],[68.76309364905273,24.294370569646105],[68.7695993267476,24.272605169393103],[68.75336822576304,23.969615782142682],[68.74837130828928,23.967971248574315],[68.55110928836302,23.967701558979797],[68.53736304476877,23.947362903475266],[68.54374884823079,23.935140613248734],[68.55764197629622,23.93292045871226],[68.55986212993338,23.930421832701484],[68.5595951005335,23.92375374194171],[68.57958411401569,23.924314501613026],[68.588472359312,23.922357562451623],[68.60597418975709,23.936811451087635],[68.61958503052477,23.916250232262485],[68.61347388451219,23.90319633804063],[68.57180976091178,23.880140308128773],[68.55069541226351,23.840139392519006],[68.52292060090508,23.81708336260715],[68.52540778394211,23.800420764206933],[68.51735877248939,23.79375267344716],[68.51625251104463,23.7831897762872],[68.52681159238114,23.77124977425774],[68.52514075544156,23.759027484031208],[68.5345783156368,23.75653267204524],[68.5645847245055,23.797914508347958],[68.57458304617069,23.821252826456828],[68.59708594536016,23.839582446872498],[68.64514350137154,23.837915423957725],[68.67180823546175,23.861532214440217],[68.72902869421893,23.854860309655635],[68.72708319893053,23.829305651934362],[68.68486212968361,23.820421221562185],[68.65513419318853,23.798749926368032],[68.63069342855891,23.759031299854655],[68.60402869446875,23.74847221671945],[68.59514045007177,23.73180961921861],[68.55790900389746,23.718202594274373],[68.54625129006502,23.69681358637797],[68.52735709325532,23.68681145068797],[68.51736640143832,23.66208458293721],[68.50069617498855,23.65708351509221],[68.48929785980846,23.63514137647337],[68.4931888503852,23.606809619468436],[68.49569510714355,23.524862292960506],[68.50736426574832,23.462640766358334],[68.53125190055482,23.447919849221705],[68.53431128713623,23.42347145474389],[68.55874823774104,23.4204311400851],[68.5645847245055,23.401529315225787],[68.60569953230765,23.37986183495576],[68.61291312394155,23.361806872888906],[68.63708686096993,23.34375191082205],[68.64903449284765,23.30569267557655],[68.62959479516371,23.29097938828818],[68.64319419115907,23.246252063182226],[68.60541724411058,23.24347114897438],[68.61319922616343,23.227918628741747],[68.58513831348245,23.221822741526353],[68.64124488094654,23.179311756032746],[68.65236090882894,23.155141833928553],[68.6998615191938,23.127641680918885],[68.76236151906892,23.078752520912133],[68.81208228307094,23.060697558845334],[68.9118060992721,22.999307635339164],[68.98764228156608,22.95597267389985],[69.04458808197444,22.929582598158447],[69.09847449580138,22.89736366550079],[69.13153266230256,22.87264061267416],[69.19735907725965,22.838472368904775],[69.26680945609161,22.82402992504103],[69.31875037373084,22.83236122379151],[69.34681128731114,22.82041740683792],[69.38903235655806,22.81431007574946],[69.42542456798947,22.795419695662474],[69.44600423820509,22.777624016235393],[69.47374533847665,22.773469927195436],[69.53276818610294,22.785862809820856],[69.58010792214293,22.762291566402723],[69.6158574600538,22.757212406827136],[69.64125251059494,22.766530993910294],[69.67347144325254,22.75708580206816],[69.69457434892712,22.742361070906725],[69.71514319580189,22.751531603500723],[69.74680518461162,22.7937526727477],[69.75264167047675,22.819860461191354],[69.8015587787147,22.850623155834],[69.81247321816454,22.849965659687484],[69.86569022432445,22.872652055647904],[69.90152549010935,22.865140917919064],[69.9512500690355,22.892919542403035],[69.98958777665462,22.899862292410944],[70.10597419035668,22.909032824105623],[70.13207816297688,22.924581528514807],[70.13181113447632,22.961248400093666],[70.16179847052302,22.942640306405053],[70.17624854333565,22.951250078428416],[70.20874976419032,22.951803209150853],[70.22513770424172,22.9601383228254],[70.23542212812879,22.979585649458215],[70.2873630448687,22.945417406588092],[70.30458258981474,22.951250078428416],[70.34514045107102,22.930418016178578],[70.38375281703895,22.94458198676932],[70.3934726654312,22.963193894482686],[70.3970889985585,23.025960924657],[70.44319342943328,23.064584733598622],[70.49347113908186,23.07514000091038],[70.47152900046308,23.012361527762323],[70.43209266034808,22.960420610123094],[70.42347144445165,22.932638169815732],[70.37681006793036,22.899862291511567],[70.3376407554166,22.83903312857609],[70.33902930505843,22.830411912679665],[70.30153083038357,22.771528245931847],[70.30124854308588,22.75763893279054],[70.2545795376156,22.726251604128265],[70.25514411221104,22.706533433171444],[70.23874854321076,22.69625282510782],[70.2454090050216,22.669862748467096],[70.21958350387564,22.630140306130272],[70.19930457414682,22.617361070257232],[70.19291876978548,22.586530687241464],[70.17124747549065,22.557081224019328],[70.13764380721597,22.54819679364715],[70.06458472510502,22.54680824400532],[70.04041480390015,22.562921525707907],[70.02847480097137,22.54958534328904],[69.975137703842,22.54264259507977],[69.94597052881693,22.52847480956484],[69.94486426557347,22.51486015477235],[69.92292212695463,22.502920152742888],[69.91097449507691,22.472360613151807],[69.87764167022698,22.44930839636544],[69.84097480044676,22.45597267310046],[69.80708503084958,22.4048633594565],[69.79264258608652,22.403474808915348],[69.76180457322255,22.432638169915663],[69.74624823806579,22.42902946663662],[69.7409763267961,22.457361222742293],[69.72041510887021,22.461805345840105],[69.69430732042656,22.453195573816743],[69.7018146441306,22.434312821779372],[69.69236182423884,22.42125129860858],[69.69902610097381,22.39569664178663],[69.66014289068193,22.387922288682716],[69.65458869211449,22.35902977110709],[69.60013770369216,22.348749163043465],[69.58790778451669,22.36264228931026],[69.55986212973357,22.366811754059256],[69.55097388443727,22.40431022873412],[69.52292060160454,22.426530839726524],[69.51291465099041,22.372079851304136],[69.49013709345218,22.35569572707618],[69.48874854381029,22.338193896631083],[69.45485877331379,22.335702898669865],[69.42263983885755,22.316526414562418],[69.3665332713934,22.322084428953303],[69.34014319565199,22.33041954262785],[69.33403205053878,22.304307939260013],[69.29097174744822,22.275693895856648],[69.22347449465224,22.257917406163415],[69.20318411925177,22.266252519837963],[69.1668071666175,22.29763984939956],[69.15791510729645,22.312917711283376],[69.18374823739128,22.3823604611664],[69.20041846384112,22.3906917590175],[69.19125556109532,22.422082903503224],[69.1729221266549,22.421808245154466],[69.14848517605009,22.402639391794537],[69.12403296664814,22.399858476687427],[69.10986518113327,22.40986061327675],[69.08264350049723,22.3923625968564],[69.06930731897762,22.395696642685948],[69.04403113542861,22.43124962027383],[69.07486151844438,22.4543018370602],[69.07985877226457,22.47903251883571],[69.00569342780949,22.43764305358411],[68.98457907736258,22.414304735475184],[68.95680426690348,22.366529467660882],[68.9568042678028,22.341249468288368],[68.9426441112368,22.332921984462075],[68.93597602047703,22.312086108187373],[68.95652960945398,22.260694505447134],[68.95263861797787,22.24847221611992],[69.00763892309789,22.18152809404637],[69.05791663274647,22.12569618493103],[69.08764075431742,22.099863054836135],[69.1212482366169,22.059583666852802],[69.21153449172346,21.963750841228375],[69.26986121372408,21.90708351229432],[69.35208319858083,21.838750840578882],[69.3762531197857,21.825971604705842],[69.39985846639519,21.797357561302476],[69.45153235643318,21.752084733523702],[69.4706935799448,21.740972519666116],[69.5376377020184,21.676252367053166],[69.58486365493377,21.637361528711608],[69.60208319808117,21.637361528711608],[69.67180442033776,21.566240312940124],[69.71236609561885,21.529306413760025],[69.77124976326604,21.465421678267887],[69.92292212605531,21.291807175061138],[70.00681494875096,21.19875144961975],[70.09958457197047,21.104581832885344],[70.13791846466546,21.0779247295427],[70.1579151079959,21.055421830353225],[70.25152777818448,20.979028702412734],[70.36486243425401,20.900693894107974],[70.39347266363256,20.89431190557002],[70.43875311946096,20.853212357464372],[70.53235816249924,20.809312821429614],[70.55041312366677,20.80458259610998],[70.58542060038047,20.781530380222932],[70.64514350097187,20.763196944883134],[70.67151831791608,20.760972976321852],[70.70347785192138,20.737916945510676],[70.74430655660234,20.720140456716763],[70.75847052809246,20.722642898550987],[70.79374884733147,20.710973739046892],[70.82152747361408,20.69153022733815],[70.83957862075681,20.70514106720651],[70.86818885013537,20.713750839229874],[70.87375067945032,20.727083205825352],[70.91124915322592,20.737360000763488],[70.92430358614166,20.744351695474393],[70.9268260342941,20.737357636445836],[70.93754643601926,20.73340198011732],[70.99125098444546,20.74597358591234],[71.05041693939029,20.73097038237728],[71.08097266495656,20.739313125000763],[71.09430884557679,20.758192063013325],[71.14903449324731,20.75736427304281],[71.16097449527678,20.780973434576367],[71.20208167413,20.78847312933152],[71.2284717498714,20.803472518841716],[71.32264136570655,20.8462505337352],[71.37208747225907,20.853475571040804],[71.39597510526693,20.865140914721508],[71.4373645714179,20.868474959651735],[71.44847297035136,20.88153266879766],[71.47708319972992,20.88986015352333],[71.49318885068499,20.917921066204315],[71.5081882410945,20.916242599416478],[71.50958442058459,20.944032668672776],[71.5651416704518,20.949583054114726],[71.58097266395731,20.95903205818297],[71.63652610069903,20.97348213189491],[71.63846778196262,20.989862442098058],[71.67514228159109,20.996805191206647],[71.72069739576824,21.0218067164069],[71.76069831137801,21.020139693492126],[71.80681037210104,21.039865494297146],[71.79680442148691,21.057920456364002],[71.85263251567812,21.080141067356408],[71.88846778146302,21.10153007525281],[71.95208167442979,21.118471145127273],[71.98986243640235,21.141530990862577],[72.04792212810378,21.16069221437425],[72.0562534268542,21.172361372979026],[72.11541938179909,21.202085494549976],[72.11097144467647,21.21930885352083],[72.08875464860819,21.229032515937888],[72.08207892800016,21.24570274328704],[72.11068915737877,21.286539077816258],[72.1212482396146,21.324861526638188],[72.16681098364006,21.376527786827978],[72.17097663346493,21.389863968347527],[72.19902610137353,21.41235923768869],[72.23542212772907,21.45708656369402],[72.25430487976644,21.50292015114411],[72.26847266528131,21.57208442685487],[72.30597113995623,21.628469467591913],[72.28486060533271,21.6670856475846],[72.28013800986133,21.68986320422357],[72.25958442088438,21.72347068742232],[72.27014350312021,21.757085800469383],[72.26014136653089,21.784311294230918],[72.25625037595415,21.89014244062116],[72.23069953315701,21.9268093113007],[72.22097205581576,21.956251145573958],[72.23153113715233,22.00346946774181],[72.23652839097252,22.057920456164197],[72.2770862522288,22.079305649136472],[72.27430915294514,22.09264183155534],[72.30179786118242,22.106809617070212],[72.30403327361677,22.072080612730133],[72.28653144227229,22.07402610801853],[72.24180793119115,22.050695419757858],[72.2451419770207,22.032915116039817],[72.26069831307672,22.01931190512039],[72.25180625285634,21.98736381678674],[72.27986335151252,21.967363357632905],[72.31514167255023,22.10236167994765],[72.31125068107411,22.111532211642327],[72.32375525859834,22.147085191028793],[72.34236335138763,22.135141373175884],[72.3565311369025,22.151533128151414],[72.35902594978779,22.175973893680293],[72.38707541859577,22.159860611977706],[72.39013862010131,22.18347358843539],[72.36374854435991,22.202081681224684],[72.38208197880033,22.21846962037671],[72.40069770233714,22.201528549602926],[72.41652869584271,22.22736167969782],[72.41625403929254,22.284582138454994],[72.43514441937953,22.30125236580409],[72.47070502681561,22.24263954248096],[72.49402808612734,22.242361069208016],[72.47430610204503,22.200696946506923],[72.48763465371633,22.19735908575325],[72.50792121419272,22.23152732952269],[72.5243091533448,22.24542045668875],[72.54458426904881,22.243749618849904],[72.57319831335155,22.254583360333868],[72.608469004541,22.279310228084626],[72.6370944927167,22.284311295929626],[72.69153022234195,22.2370853430142],[72.75596808945585,22.230970382976864],[72.81041907787818,22.265142440771058],[72.85264014712516,22.28181266722089],[72.86958503282307,22.22347068732239],[72.81819343098209,22.24764060942664],[72.79985999564235,22.238752365029654],[72.76014136733028,22.175416946235146],[72.69959449259181,22.18457984898089],[72.65846824091665,22.212640763460513],[72.6137459951816,22.21736200095563],[72.56875037622893,22.187559128451085],[72.54736518415598,22.149862290312512],[72.5265293060827,22.07764244114577],[72.51819419330741,22.02958107021027],[72.50736426764689,21.99430656499601],[72.50235938487776,21.93514060915186],[72.50763511017226,21.897916793725074],[72.51661975919461,21.879489979978644],[72.54666529666616,21.87752927985241],[72.58210927102607,21.886407622713648],[72.58589362539055,21.919267654178952],[72.607908243071,21.928037643122764],[72.62873769009241,21.90906192276958],[72.6116657202968,21.86087608296492],[72.57110404321708,21.82354926998289],[72.55208777782872,21.792360305683587],[72.54041480429981,21.735692977648853],[72.51790809108559,21.70597267100203],[72.52402686424847,21.680139541806454],[72.54736518235734,21.658472061536486],[72.60847663259057,21.682081222170723],[72.65902900148728,21.67819404561874],[72.71124839239945,21.67847251889168],[72.74208258944003,21.689031601127567],[72.76180457532092,21.66930580122181],[72.79818915780345,21.6615314481179],[72.787363047067,21.645139694941008],[72.75152778038279,21.649862288613804],[72.7231998392013,21.638750076554857],[72.70486640296218,21.652082443150277],[72.67263984135565,21.627916335970156],[72.6281986175722,21.616811751960824],[72.60791968694406,21.58296314343437],[72.61262071217618,21.557430723249354],[72.63069942623758,21.539040306864706],[72.67402839099748,21.52042198158921],[72.65791511019421,21.470651627170923]]],[[[93.84861388352397,7.240511941073294],[93.80985942467277,7.228754461849007],[93.80169486382698,7.203141110773686],[93.7854432457093,7.215553425050587],[93.759951799536,7.21432654293568],[93.73864250664644,7.190689919704084],[93.69123542847228,7.19085093252454],[93.6740330021214,7.175626864488265],[93.67544571294934,7.139216367141671],[93.65621511573505,7.126739829579492],[93.65771630546317,7.093929914633918],[93.66867262364275,7.066035286599231],[93.6647124572142,7.043010733858353],[93.67784740013747,7.016118856200308],[93.70331929954608,7.008391033119722],[93.74676860258899,6.961872622723433],[93.75228025872701,6.93075400789121],[93.77535409881267,6.893930495096299],[93.773564311244,6.866382707695834],[93.79440639463945,6.848188427154241],[93.78668688219392,6.837897355478617],[93.80985508004795,6.804208471943468],[93.80704413567838,6.763850129779712],[93.83509814426401,6.757034477359298],[93.85410266360708,6.815878420153012],[93.86993396827808,6.814016151724047],[93.88733871780767,6.798418523296277],[93.91033991245706,6.833138163895171],[93.89377017805134,6.846893332361446],[93.902026165775,6.880292882410629],[93.90105844129408,6.9079270595862],[93.92668166063021,6.954783188793158],[93.93079768856256,7.010122046395395],[93.91664244049628,7.025721266623179],[93.91475564215921,7.054445119946365],[93.90338762963546,7.076651019828773],[93.88722430156031,7.087056626462186],[93.88757141109181,7.156305290057162],[93.87997013791158,7.176579697994725],[93.88260671902492,7.203706274425087],[93.86761693337485,7.217375617890525],[93.8468234169672,7.21798941687814],[93.84861388352397,7.240511941073294]]],[[[93.71289515388833,7.443673046873641],[93.70827357746367,7.394194653760337],[93.66353054569817,7.381357636445841],[93.64970202762652,7.368328433110776],[93.63287730484382,7.371026646562541],[93.63622049677855,7.320359225597826],[93.62792949035378,7.305177592072255],[93.62945780183617,7.268895221137598],[93.64717290470583,7.24386973260215],[93.67002985529365,7.260164911181732],[93.67864973030089,7.281571174370242],[93.69972386306591,7.302803461910287],[93.72420376079498,7.308199535380311],[93.73923795676637,7.342317218364997],[93.75704908834479,7.357915197528371],[93.75647657273572,7.374499617863137],[93.72134991066991,7.405397921277086],[93.71289515388833,7.443673046873641]]],[[[93.38259491822095,8.022880219946217],[93.32627975300824,7.999675086036461],[93.3227675523807,7.973103663803101],[93.31102532835627,7.962072461774767],[93.31954276338786,7.932334835983966],[93.3465785127882,7.927314394044117],[93.35176603347571,7.892620791516379],[93.37827301568717,7.883540520278814],[93.39594475864374,7.901388603201553],[93.42600792822338,7.907041070688933],[93.44237609398164,7.899009796564883],[93.46216668194688,7.873354719644624],[93.47480009454881,7.892542921019015],[93.46286858032079,7.934439380872789],[93.43607852840142,7.956399299088446],[93.39628442718464,7.969475012661746],[93.40737264892869,8.009892312580234],[93.38259491822095,8.022880219946217]]],[[[93.54775448747966,8.026143720256528],[93.50812422924986,7.984910161474829],[93.5732504950144,7.930733178493426],[93.57937823711603,7.934246235275566],[93.58226566882564,7.992388051267596],[93.56348418854452,8.02481943077214],[93.54775448747966,8.026143720256528]]],[[[93.58038778546796,8.123843851412687],[93.57094751561539,8.09283955120435],[93.57219064308379,8.06782285713922],[93.59247862628763,8.038528952349338],[93.59042543898289,8.101372103839594],[93.58038778546796,8.123843851412687]]],[[[93.52598961063211,8.231715037918718],[93.49194121501512,8.219893947847481],[93.49092877804071,8.199546334196043],[93.45517505558439,8.175179630535581],[93.46171438860819,8.11921316935235],[93.48311999349295,8.081436550556418],[93.48553958528368,8.052043794985195],[93.51432977350032,8.084364756628247],[93.5155233555185,8.0587188042295],[93.49993610346849,8.039376673994354],[93.48578724868264,8.044465529160902],[93.49197889481019,8.00163084438799],[93.50659570013153,8.001705756115825],[93.50829893694646,8.034179523366333],[93.52867012902328,8.046857709615665],[93.54729701854262,8.047054423722727],[93.55205273604497,8.074164498492848],[93.53459775937915,8.096046159502691],[93.51252338984261,8.138960162681428],[93.51070053150437,8.168592160399953],[93.537766480139,8.185565598673463],[93.54497679284475,8.220146106957316],[93.52598961063211,8.231715037918718]]],[[[93.2349989619326,8.264494597147973],[93.22023275943434,8.245668473621208],[93.23660480576723,8.22413967600528],[93.24932398941064,8.24096827756398],[93.2349989619326,8.264494597147973]]],[[[93.12733566720732,8.355592038941495],[93.09551817662259,8.339466891583811],[93.0856517261463,8.306657049483306],[93.08511186042409,8.276390920904305],[93.10155801718878,8.246406540029852],[93.1207784979294,8.224059660624903],[93.1887928492107,8.194129755284052],[93.20465704208885,8.214572891325929],[93.19407892120529,8.224936139890985],[93.15322323326563,8.243505679643476],[93.12576238782401,8.277262807332761],[93.14273158399544,8.346971914822063],[93.12733566720732,8.355592038941495]]],[[[93.61428249504115,8.575312261751549],[93.61117959925917,8.544478079999465],[93.62250480585215,8.525604118835076],[93.62901690470642,8.469734395026364],[93.64239061313634,8.468268480306165],[93.63576879609315,8.522536144627395],[93.6219966502253,8.532684796965839],[93.61428249504115,8.575312261751549]]],[[[92.79464721979343,9.239083354113575],[92.77893154635382,9.246813747456542],[92.76506897635221,9.215145786249082],[92.72461363151393,9.219024266356882],[92.72116925415781,9.21181858246166],[92.71967773573897,9.145753276092876],[92.73326515636194,9.123192789715517],[92.7738263253247,9.125961678188958],[92.80250291118045,9.119698880399085],[92.82695587241562,9.138722809809849],[92.83180261569822,9.16363468249466],[92.8182821837758,9.214981716632963],[92.79464721979343,9.239083354113575]]],[[[92.51840403711668,10.897494223379738],[92.49297572694832,10.889432976650596],[92.4788414717566,10.870540016408654],[92.45710949210945,10.86152274088181],[92.45967831380318,10.843865758497998],[92.42771356912596,10.817520976212109],[92.41942738306733,10.796058315638788],[92.38181963446863,10.762559117109618],[92.38271244092647,10.667565965996573],[92.41038332483066,10.644997115024864],[92.4208564444694,10.61563488873918],[92.41018514392931,10.583082931731951],[92.38178262916506,10.53874448786786],[92.40189894438083,10.53140133450404],[92.41911231368238,10.54789746929282],[92.46296224401243,10.535395762404562],[92.49923565050494,10.510882829878767],[92.53089481184617,10.51797789266567],[92.54372286921512,10.54897768097527],[92.56824630402377,10.576215297597969],[92.54489249509265,10.591737685146086],[92.53992792173625,10.614654124987908],[92.56757317676073,10.651171584101348],[92.57940997349152,10.675572636468075],[92.59717191125475,10.68095178199917],[92.59786602869434,10.700237996886074],[92.58307091119366,10.740606738810015],[92.58709334757998,10.78762739179075],[92.56334143485941,10.803875925233797],[92.55640130637522,10.84370827371788],[92.55823425510687,10.86297173845503],[92.51840403711668,10.897494223379738]]],[[[92.64190197119905,11.510217993265826],[92.62076292896603,11.49786542185177],[92.61154955986433,11.458647914669598],[92.6242949002895,11.441565992976223],[92.61964197529699,11.402358337867042],[92.58847019434404,11.401405255248392],[92.59279684529821,11.380110293954942],[92.58165946840978,11.367221546737028],[92.59822921090944,11.347769341282117],[92.63821141432538,11.347187639997628],[92.66449543661514,11.354608031635394],[92.69084863295808,11.370816556039301],[92.6918369096457,11.386138626796253],[92.66209737549354,11.3973258414145],[92.65799606406716,11.412443109561877],[92.68571469657604,11.436206619040263],[92.67057515402018,11.485938951021808],[92.64190197119905,11.510217993265826]]],[[[92.22963151318385,11.587637354680226],[92.2076691524095,11.549627953567267],[92.21303858616187,11.534805029028917],[92.23236673913374,11.526606906383677],[92.27014318795784,11.523368772351034],[92.27030193088945,11.58484267724782],[92.2412827213206,11.592312001897426],[92.22963151318385,11.587637354680226]]],[[[92.54096382831807,11.603434788184984],[92.53272837931132,11.57091510874534],[92.55412731392448,11.56239339024279],[92.56290299108025,11.592812771392346],[92.54096382831807,11.603434788184984]]],[[[93.03153711564545,11.836848618169256],[93.04595800455832,11.814464614750193],[93.07154089919322,11.834625743183551],[93.06337740134603,11.844792149038483],[93.03153711564545,11.836848618169256]]],[[[92.59477635024842,11.976999707770347],[92.59665583439931,11.92994863971802],[92.6093130286734,11.940376856207024],[92.60093628628067,11.970754989950876],[92.59477635024842,11.976999707770347]]],[[[92.97456392008888,12.042940592034768],[92.95129228760902,12.013532410392486],[92.92902706304858,12.000196937538703],[92.93457173060096,11.985385530617805],[92.96000048863169,11.98181320671415],[92.97380859119357,11.94942894359093],[93.00596497600287,11.929366710005695],[93.03261147364066,11.88355349759587],[93.05333724501793,11.904079391950404],[93.03536509072643,11.949064112918506],[93.00675108419523,12.001028715103189],[93.00979848731038,12.016811861078565],[92.99847200098213,12.033712551393194],[92.97456392008888,12.042940592034768]]],[[[92.9914953959958,12.10900439293846],[92.95968609193966,12.106384653429075],[92.96407494000653,12.069049336457738],[92.99225319353013,12.044464382625222],[93.00509434143078,12.103840126021055],[92.9914953959958,12.10900439293846]]],[[[92.96373274527002,12.150755186003096],[92.96222996014461,12.123964765361677],[92.98325628674831,12.111595906326045],[93.00103798711348,12.119606633639307],[92.99215432206438,12.144082852241866],[92.96373274527002,12.150755186003096]]],[[[93.0288539244691,12.165880667658712],[93.00180083254247,12.13305451545358],[93.00899984616603,12.102437221400692],[93.00777809018678,12.075626789045145],[93.02523678554928,12.070490383124707],[93.04529949757381,12.045734615660024],[93.05315015185806,12.060262085926581],[93.04922937303718,12.083935539093886],[93.03413373898093,12.100330378744047],[93.03560419707611,12.124275677180833],[93.02581614409985,12.14105100380084],[93.0288539244691,12.165880667658712]]],[[[93.07447236350885,12.210406877375533],[93.05678612887681,12.192830449066037],[93.0367775425496,12.133313590349985],[93.07480977385205,12.083924556573095],[93.09328032702552,12.11290236585154],[93.0853627218122,12.154265365853973],[93.09040979087922,12.177128486690378],[93.07447236350885,12.210406877375533]]],[[[92.69742646865666,12.239906732309919],[92.68475929550516,12.221728357177994],[92.66277279872571,12.217854219896367],[92.64428910915512,12.17663540729825],[92.6254445863986,12.10715282014661],[92.61928576192844,12.0648370244092],[92.62619198597145,12.047880853118897],[92.612092417631,12.009099373237518],[92.61276896321715,11.958618088553976],[92.611180766779,11.943217733611561],[92.60575260549842,11.923778457709716],[92.5936227080216,11.899126936958623],[92.56250603212771,11.946867070059284],[92.5262792707718,11.896224951520367],[92.51362352620481,11.84951023440982],[92.52479047280212,11.826940926582552],[92.54902808238018,11.817107380501284],[92.5544202006318,11.766552256081809],[92.55216064949445,11.723165240083802],[92.59542123340327,11.711041994892184],[92.59839966841002,11.679411011109323],[92.59134322431044,11.670560486976967],[92.60823996660122,11.6374954442594],[92.60567784215874,11.607648188413236],[92.61788287079793,11.58603949502674],[92.64705139120878,11.572468232522965],[92.64230493312624,11.56071422378244],[92.64762974431733,11.521547390699595],[92.67229104339697,11.503721793525983],[92.68521537229168,11.512045895002075],[92.7119561746378,11.488603680915219],[92.72743322916028,11.518853539859037],[92.75260176475967,11.609154933253592],[92.75685402739151,11.664906499635322],[92.7204730952572,11.684888130582806],[92.71960322690745,11.653206443022952],[92.69889105238025,11.649610851859393],[92.67322377615642,11.626702344037994],[92.6653986149542,11.64534879561046],[92.68378578748417,11.651158199291501],[92.70192069658293,11.673136703795876],[92.70277835213932,11.696959505576785],[92.73194350368982,11.698654881417667],[92.75475159141286,11.71820158583455],[92.7658240660279,11.752111904940534],[92.76934570414102,11.798801741407317],[92.78627634367837,11.866836214120042],[92.77989728423233,11.896554247280733],[92.78513505274054,11.936327705459291],[92.76476883661257,11.940363275544769],[92.74718859247963,11.932659986868941],[92.73305389841875,11.90510722891554],[92.71669822424371,11.945750889092324],[92.71928793179268,11.962710512879937],[92.73644728061754,11.984787334867633],[92.75494693944978,11.982256822494435],[92.76347025604753,11.999189103294555],[92.73677814839289,12.020886872731069],[92.7769038062657,12.02443846366424],[92.77233994293408,12.046644043387914],[92.7545618191727,12.05771030548624],[92.73624577042602,12.083719454489255],[92.73567930095902,12.104365817528503],[92.75559259242425,12.153007391477956],[92.7579074977329,12.177314164317295],[92.73573019179497,12.182484962111346],[92.71774148638053,12.176671606809236],[92.70858169259111,12.19979544200612],[92.70616118079391,12.229427721212403],[92.69742646865666,12.239906732309919]]],[[[92.73146189335176,12.242318437945585],[92.72206460299907,12.233369775294932],[92.72107119477988,12.19017803718674],[92.76324166906784,12.181654251142845],[92.76819103578771,12.201684144207945],[92.76274518034586,12.229382100403654],[92.73807061536667,12.230947741844886],[92.73146189335176,12.242318437945585]]],[[[93.07925767949837,12.259589187590962],[93.06711345941869,12.228424158747998],[93.08435653512606,12.222659515224507],[93.07925767949837,12.259589187590962]]],[[[93.86696475671823,12.295298073447384],[93.85086028747236,12.290114226490402],[93.84635477035641,12.272310829980881],[93.87229338103475,12.268193415293922],[93.86696475671823,12.295298073447384]]],[[[92.71286778502031,12.29651778526761],[92.69992760917188,12.275689566720189],[92.71272109750072,12.248178953695799],[92.72351819340997,12.295969199718854],[92.71286778502031,12.29651778526761]]],[[[92.9343706008226,12.308183936539479],[92.93005845323506,12.283567004613644],[92.91426996528673,12.2734174961206],[92.92669264335086,12.251333101841226],[92.94230353048363,12.275684475658068],[92.9343706008226,12.308183936539479]]],[[[92.82568147641905,12.30419412306037],[92.80994833005144,12.313565366348655],[92.77951315590747,12.28828272476801],[92.7647822185246,12.264238187042736],[92.74999094922299,12.273610275693727],[92.74211767429131,12.245724766784633],[92.76863452656221,12.229094935183184],[92.76938697942563,12.201420133832187],[92.76517437779535,12.175659173432166],[92.7394631831794,12.099248145385673],[92.73974275992049,12.082044709995444],[92.76264797442457,12.06512281456628],[92.79303062276506,12.083722585928626],[92.82489488798876,12.167820725646038],[92.84713662495534,12.160308659816849],[92.85420959949346,12.172384025102701],[92.84694083984795,12.198010088994465],[92.8738944748502,12.20592687402609],[92.87271139691347,12.225782500062394],[92.85941959064166,12.247478517619527],[92.88348996768792,12.257435269921814],[92.88714293919537,12.285620544452627],[92.8723025678093,12.30130835509658],[92.82568147641905,12.30419412306037]]],[[[92.85961656465281,12.406551108347003],[92.86254255209718,12.379834271134769],[92.89078460172806,12.392513714636266],[92.85961656465281,12.406551108347003]]],[[[92.95578684108989,12.429930768290376],[92.92796792607896,12.409798263479104],[92.91881832070897,12.365491894835145],[92.93314423042193,12.360954241345212],[92.94321901244751,12.402024019193163],[92.95578684108989,12.429930768290376]]],[[[92.71038736668368,12.829076015845487],[92.70108612932148,12.813699550493936],[92.69963539425811,12.78603981638446],[92.71216287391758,12.777253156707843],[92.71038736668368,12.829076015845487]]],[[[92.8989788321075,12.915877368345946],[92.8960490432288,12.898618544610201],[92.87325024190523,12.880903776288278],[92.84431881695991,12.875154401454495],[92.84033111688757,12.876684774183047],[92.84298491552147,12.884965115547686],[92.83956348796465,12.890999574570742],[92.83101376907024,12.884687606347995],[92.82266693003487,12.89616036380977],[92.80351240017717,12.897436745509424],[92.79112306627655,12.889191354497484],[92.79276919704085,12.864271512920027],[92.75433548589399,12.848176726674637],[92.72364242216014,12.82726409775995],[92.7208786670169,12.788099203615388],[92.73888251161867,12.737806135344897],[92.74030494411795,12.70293970740164],[92.72956392543489,12.697538657083385],[92.74369638378113,12.671686439777432],[92.73619393080531,12.639875851489421],[92.71208827605318,12.623162295703423],[92.70072102705382,12.600256203461072],[92.70796679373262,12.554913558613862],[92.69517437919433,12.519158180505656],[92.7014003902159,12.500501795921195],[92.70025022746609,12.469312523154485],[92.70623272905726,12.450044726383055],[92.69799790777728,12.431135747416874],[92.69638775978734,12.390658732514567],[92.7002197836162,12.334072502643949],[92.71960356235456,12.303628959409025],[92.75605691509463,12.296546099522914],[92.77128154610654,12.31651777497541],[92.79487730054706,12.306052367023142],[92.81079477555852,12.314752217840635],[92.83010133221075,12.304640018622024],[92.87032998224294,12.317168530703157],[92.88052011940806,12.334739957882789],[92.87319262683832,12.35290754115016],[92.83815233746049,12.398267627449115],[92.82869375381375,12.426111995971894],[92.86438429080243,12.426548098815772],[92.8743002219777,12.417265294857543],[92.89945436842441,12.416801329218004],[92.92069733181648,12.426634618992523],[92.9229222320754,12.442575622067352],[92.9419455517459,12.449974363426179],[92.95859114306688,12.487072452731582],[92.97555816197968,12.541557037127632],[92.95708867989873,12.593349025237387],[92.95723474508748,12.641830438923648],[92.9629218391716,12.661421724533],[92.96854479270809,12.740039551284326],[92.96200991942231,12.753307095645994],[92.93390895453467,12.773662769920918],[92.9537978959562,12.807866762641027],[92.92815750856221,12.883973552737302],[92.8989788321075,12.915877368345946]]],[[[92.69625226972653,12.991513173594115],[92.68437765110775,12.987728213985918],[92.66760123810673,12.953802591116755],[92.67926968264982,12.946754729247402],[92.67082362950697,12.923421842144364],[92.6651240267525,12.88216611327556],[92.64857569531216,12.86209044202036],[92.66571344152214,12.811727301274004],[92.68924647184724,12.817680883366108],[92.68843710358954,12.834389098078475],[92.71961608721273,12.874334060568515],[92.72031532808995,12.978889611266595],[92.69625226972653,12.991513173594115]]],[[[92.92660101502486,13.023670917279048],[92.9208622755736,13.000524697956507],[92.94446223704267,12.99790987863804],[92.93947074338018,13.025619637536295],[92.92660101502486,13.023670917279048]]],[[[94.2711115352692,13.443110469372698],[94.27576452141557,13.46858455413394],[94.25295396055691,13.461582138604854],[94.24638978286225,13.442780768917373],[94.2711115352692,13.443110469372698]]],[[[93.03018817754241,13.571134792936391],[93.01357772183445,13.547969632092872],[92.9867292823306,13.569546596498299],[92.96664709278917,13.542275808381874],[92.91729732701009,13.535615336678518],[92.92477298018895,13.49600567831942],[92.90263799095061,13.481261528996413],[92.87205008944011,13.472014327399336],[92.88389550707205,13.429558706868875],[92.86525632022307,13.40129780295132],[92.84727519519419,13.411018765603615],[92.82696258585469,13.329193813443794],[92.84188218211705,13.301608897532617],[92.82263420910152,13.2768049075205],[92.85019417512115,13.239350688483512],[92.82800859721902,13.237432379700635],[92.82923936890182,13.208865613657167],[92.81404644438794,13.152962394598887],[92.84464191009613,13.141673414496552],[92.84244205145956,13.127232189214226],[92.81031992092767,13.12716749108688],[92.80781773809821,13.099763811950424],[92.79306069519498,13.058229626895809],[92.78830883668354,13.017223391546338],[92.81011680005037,12.997988138541814],[92.79485738595963,12.987303740275422],[92.8013858003145,12.948291995279419],[92.794416857552,12.915007588129754],[92.8019065293629,12.89987464300043],[92.81039749644737,12.90021360467415],[92.82641870555886,12.895360144355209],[92.83040376432234,12.886329697357723],[92.83923271012151,12.89261169747192],[92.84359403083994,12.890351678687068],[92.84363355874183,12.885072617807111],[92.84136629771655,12.877477498687654],[92.85584830365633,12.878351646011708],[92.87232590161915,12.88268061811607],[92.85389416948038,12.926279507193556],[92.87658191712183,12.947452689490092],[92.875435848086,12.965496111456446],[92.89213244175886,12.990831944338822],[92.90733393771109,12.985912122146772],[92.90982199758719,12.961986968523831],[92.92665976593548,12.957793491876203],[92.93850700379522,12.972391797243688],[92.90838230350056,13.000007098548792],[92.9033849363658,13.019801728067364],[92.91614464435992,13.054547457099488],[92.95119565365655,13.029344769745364],[92.98405093580209,13.026352543635028],[93.00649916070773,13.031815743401864],[93.03403308955552,13.081061563740207],[93.03189424542313,13.12461137231702],[93.0370566543412,13.139911889022528],[93.0318130051661,13.177660347347228],[93.05560374072013,13.232592600767987],[93.05755394935534,13.25176338946892],[93.03001176113395,13.28103910457105],[93.01275278541277,13.276335942549736],[93.0132364057356,13.306387653867205],[92.95286147417772,13.332524754813619],[92.96019584656113,13.357611031224167],[92.97572119377816,13.350425917522102],[93.00302981367503,13.354056986940464],[93.04011899069894,13.350926151021099],[93.04007399761696,13.322113904233333],[93.06059249055107,13.317273335695916],[93.09004732632309,13.336012140447963],[93.07134845057061,13.347386753096202],[93.04824246691635,13.405251587790588],[93.03317574336592,13.426030263585858],[93.02874916154462,13.461477556444152],[93.04315026357386,13.504593005962477],[93.03825012124616,13.549963994742598],[93.03018817754241,13.571134792936391]]],[[[93.01673471453552,13.675074218100747],[92.9823031699554,13.665310472900046],[92.98600883813742,13.64273674310624],[93.00821885331749,13.646951128092155],[93.03161277740782,13.634383011666728],[93.01673471453552,13.675074218100747]]],[[[81.3937476741159,16.3338047116182],[81.36890744052602,16.33403757847151],[81.35185967598329,16.323291821260568],[81.26775205921024,16.31126255702145],[81.27942302275437,16.295715940838022],[81.27536218351798,16.27830194627785],[81.32692403241822,16.30651313207545],[81.3937476741159,16.3338047116182]]],[[[70.92481954158865,20.738045576442232],[70.88236045057437,20.728750228740125],[70.87346839125331,20.717920303079552],[70.89930915029709,20.69875144971968],[70.91764258563688,20.709585189405004],[70.97625159403589,20.70403480486243],[70.99764441685642,20.714029311603497],[70.96541404032575,20.728471755467183],[70.9601383123333,20.736249923495222],[70.93783307783434,20.732714040120925],[70.92481954158865,20.738045576442232]]],[[[72.67652899371814,21.155700000354784],[72.6648639944778,21.148472999829153],[72.67764299382918,21.102078999846015],[72.69846999469456,21.108192999407436],[72.70318599453805,21.146249999837664],[72.67652899371814,21.155700000354784]]],[[[69.62763999349096,22.459493052162657],[69.59348299304577,22.445422002223665],[69.59208599337393,22.42819400275107],[69.63652899241913,22.40653000105874],[69.65652399268816,22.42514000131007],[69.64263899269542,22.45097100181033],[69.62763999349096,22.459493052162657]]],[[[69.30208599287431,22.474029002136774],[69.29347099219257,22.46042100232745],[69.320419992089,22.450969002617455],[69.3279179925214,22.463472002730782],[69.30208599287431,22.474029002136774]]],[[[69.32485899264844,22.527361001908787],[69.35013499273578,22.504027002344344],[69.35513999331607,22.523480002799943],[69.32485899264844,22.527361001908787]]],[[[69.91874699287945,22.553195001648078],[69.89985599226031,22.545141001655963],[69.89514199340834,22.51236000171275],[69.94152699297638,22.518194000952406],[69.93180899359027,22.545419001885477],[69.91874699287945,22.553195001648078]]],[[[70.00903299257862,22.593147364659217],[69.9665299930648,22.578473000928284],[69.95680199231816,22.560693001181107],[69.96375399275263,22.545416001747128],[70.0068129936248,22.553751002107106],[70.02708399313184,22.567916001522292],[70.02485699205658,22.586249001590204],[70.00903299257862,22.593147364659217]]],[[[70.44847099384134,23.05208400157545],[70.42041699424897,23.026809001534218],[70.43763799339871,23.02069100178835],[70.44847099384134,23.05208400157545]]],[[[68.55819699289697,23.3137520031525],[68.54041299296529,23.28431000340396],[68.54041299296529,23.266530003656783],[68.55874599213388,23.25346900389144],[68.61486099344017,23.271531003153314],[68.60457499304152,23.299311003599996],[68.5645829924112,23.30208500381991],[68.55819699289697,23.3137520031525]]],[[[68.47286199308655,23.480420003480447],[68.44402999269005,23.466529003211008],[68.46180799234503,23.453479003952907],[68.4667969930868,23.405970003812683],[68.48541999213899,23.40458200365657],[68.49458399295696,23.45736000396107],[68.47286199308655,23.480420003480447]]],[[[68.48208499212876,23.596809003632643],[68.46402799219811,23.57569500392134],[68.44208599297423,23.5634720032304],[68.44264199253399,23.53569400287597],[68.46624699290447,23.5515320038989],[68.4854199930383,23.57513900256299],[68.48208499212876,23.596809003632643]]],[[[68.45625299248167,23.62486100313282],[68.44097199286324,23.6034710032842],[68.46652999246521,23.602078003796862],[68.45625299248167,23.62486100313282]]],[[[68.35846699225795,23.805140002509177],[68.33486199278678,23.75875100365596],[68.33790499282122,23.729580003814192],[68.31458199196544,23.71431000290437],[68.31236299305772,23.70236000311172],[68.28124999269306,23.66986000353637],[68.26930299213944,23.649860003036736],[68.1959689917756,23.63847200397987],[68.18624899229724,23.62430900285824],[68.19541999253869,23.603751003605964],[68.2306969924723,23.58903000373175],[68.2640309927362,23.602359004164782],[68.29486099264074,23.578751003655952],[68.34680299306376,23.59819000346596],[68.35874999271806,23.62763900353724],[68.39069399273365,23.654861003432586],[68.41845599324955,23.724299003995895],[68.41569599277591,23.753472003929915],[68.42597299275945,23.79597400339759],[68.39791899226776,23.784860003486415],[68.35846699225795,23.805140002509177]]],[[[68.30790699261365,23.82374900271435],[68.29013899252055,23.816805003548097],[68.2970809933932,23.812085003520167],[68.29819499260486,23.80375000316019],[68.27791599272894,23.796810003279063],[68.26430499188194,23.7598610035825],[68.26875399200321,23.751542003960367],[68.26541899289225,23.726802003409773],[68.25736199276179,23.715974003197744],[68.26763899274539,23.704861003332667],[68.295127992363,23.726250003135192],[68.32402699315128,23.73402900393546],[68.31540699223893,23.764581003610488],[68.32180699239882,23.80318900336988],[68.31263799314894,23.82152900286127],[68.30790699261365,23.82374900271435]]],[[[68.49791599192952,23.83069400282602],[68.45513899327,23.81513900316253],[68.44763799269924,23.805972004004843],[68.45625299248167,23.774030003182133],[68.43708099239393,23.743196003992466],[68.48763899194597,23.73708100348557],[68.51708099259378,23.755138003416164],[68.52208599317407,23.77514000400805],[68.51569299243772,23.779306002769886],[68.5123589924736,23.788749002964153],[68.52291799287116,23.80375000316019],[68.49791599192952,23.83069400282602]]],[[[68.39568999199957,23.87819600354277],[68.34263599245713,23.836531003103346],[68.34931199275434,23.809311003300195],[68.40013899212084,23.78958300275343],[68.42485799260231,23.810141003804347],[68.43846899255004,23.839307003415513],[68.4168079927947,23.870702003294866],[68.39568999199957,23.87819600354277]]],[[[68.24819099252034,23.880420003580355],[68.21569799326784,23.866529003310916],[68.21597299245968,23.847630003222093],[68.23346799345319,23.842359003865],[68.25096899292475,23.862084003374093],[68.24819099252034,23.880420003580355]]],[[[68.4493019920933,23.938472003380298],[68.42736099291557,23.933472003030545],[68.42013599248213,23.920973003101665],[68.3862539921281,23.9062500031352],[68.35597199321296,23.90292000335552],[68.3504169933496,23.891251003031414],[68.3556979931679,23.85986200342876],[68.3956899928989,23.87958400369888],[68.41707499251697,23.872361003357696],[68.42708499277825,23.864580003364495],[68.45207999249772,23.881810002929342],[68.44846999329559,23.89291700341704],[68.45597099296702,23.93431000300427],[68.4493019920933,23.938472003380298]]],[[[68.53541499270779,23.945973003051677],[68.53375299250666,23.924031003827793],[68.51347299258458,23.903195003446683],[68.4868099923873,23.890972003655122],[68.49041799239649,23.867361003907263],[68.52069099269522,23.856806002794826],[68.54486199218724,23.87180500289861],[68.58207799250539,23.915140003908107],[68.57958199341431,23.923471004083638],[68.5615309928611,23.92263900348729],[68.55847299213491,23.923195003047],[68.559028992594,23.928473003626266],[68.55708199273982,23.93180500349814],[68.54235899187404,23.933750003260116],[68.53541499270779,23.945973003051677]]],[[[68.49764299282992,23.967470865787902],[68.44374799227609,23.968287456500946],[68.4281929926126,23.93653000375673],[68.44763799269924,23.93958200330684],[68.46069299218789,23.933472003030545],[68.4556949928297,23.92875100295646],[68.45375099221457,23.881806002744895],[68.44486199238708,23.849861003582475],[68.47180199276778,23.861531003053415],[68.48041499245801,23.890416003196037],[68.51847199288824,23.92430500297354],[68.50264099308743,23.945970002913327],[68.49764299282992,23.967470865787902]]],[[[68.35846699315726,23.97500411155056],[68.34764099213811,23.96292000395505],[68.34236099326529,23.92458100401018],[68.32624899219729,23.914304003127313],[68.2970809933932,23.920973004000984],[68.27902999283998,23.915970003512882],[68.27540599299226,23.89847100323425],[68.25846799250388,23.880420003580355],[68.25430399293498,23.858750003409966],[68.23457999347198,23.835970003313037],[68.215972993359,23.836250002735483],[68.20929799310795,23.810970003363025],[68.22598299272101,23.7626390030876],[68.20318499269331,23.749579003368353],[68.19264199303359,23.73097000316318],[68.20680199311755,23.707639003737086],[68.23847299223485,23.680971003309196],[68.25595799276721,23.67958000301479],[68.2670829922863,23.695694003275662],[68.25541599295377,23.711812003721036],[68.26568599261452,23.74570000345244],[68.26207799260533,23.760139003812014],[68.27430799271974,23.797362003553644],[68.29569299233776,23.8043110029505],[68.29596599233673,23.810421003226793],[68.28875099326376,23.814861002933014],[68.28875099236444,23.817361003107862],[68.29402899294371,23.820693002979738],[68.30625199273533,23.825140003908132],[68.31458199286476,23.824030003981534],[68.33763799219963,23.819305003723002],[68.3362499929429,23.838760003371533],[68.34764099303743,23.861531003952734],[68.34236099236597,23.88986300377468],[68.35041699245028,23.908472003080533],[68.40264099238794,23.92069500287215],[68.41874799322534,23.93402800348963],[68.43402999288992,23.96733756197898],[68.37518094464491,23.967455875887993],[68.35846699315726,23.97500411155056]]],[[[74.10130977932289,11.204314719848469],[74.12313345204723,11.234720611167347],[74.11762369977396,11.257793895471934],[74.08997329073486,11.297792730949823],[74.05019747543321,11.33073337044874],[74.01207805575774,11.348536335283711],[73.99142560700619,11.352093635113192],[73.96728079397354,11.336865941909764],[73.96505674447326,11.305959030185136],[73.97823905378937,11.27990122156416],[74.01167877925229,11.240625850202889],[74.05219618720434,11.213123219560998],[74.08207718021777,11.202950491472052],[74.10130977932289,11.204314719848469]]],[[[71.84485779744944,11.835468855803128],[71.8306763611252,11.893005665479109],[71.80847948773823,11.939974915909715],[71.80080309148951,11.970430628770544],[71.78595740780816,12.002117954180278],[71.77335381852396,12.003507835718096],[71.73445444651554,11.961092020980061],[71.73290458547831,11.947071759354287],[71.75004905501993,11.931371188229775],[71.76102479585768,11.872320707134975],[71.78201177981981,11.83528896081691],[71.81488515992226,11.831285994752932],[71.84010104302877,11.82145600728893],[71.84485779744944,11.835468855803128]]],[[[72.26489488968747,10.011303618267391],[72.30120227256685,10.029964434710962],[72.32264995942813,10.056417217480657],[72.34224558786366,10.099277400731523],[72.33420447875375,10.130994964945728],[72.31346157888879,10.121405012831133],[72.27632523152425,10.09306288574362],[72.26926293553612,10.077306807563161],[72.24451276275386,10.0559334002063],[72.23501526454288,10.016960460057248],[72.26489488968747,10.011303618267391]]],[[[72.17878137016413,11.49134833355879],[72.19512229545762,11.495777870552331],[72.19011898290478,11.551654510147557],[72.19516391788056,11.590508117455727],[72.16632048440289,11.601763917071139],[72.13708899076437,11.5524267157204],[72.13874029982503,11.523753453758957],[72.14733046213115,11.503337667899132],[72.17878137016413,11.49134833355879]]],[[[72.0956255337914,11.192404333393313],[72.02548085136027,11.187651257199832],[72.0254777558938,11.160730859341754],[72.04312383579645,11.128177446332131],[72.05955971780679,11.1218992674373],[72.08303069670933,11.141682547511607],[72.0956255337914,11.192404333393313]]],[[[71.90091103241826,12.285319025152944],[71.91983712818097,12.316375651515159],[71.92643048797669,12.37815228619911],[71.89744561812086,12.40304904128027],[71.87989250023873,12.393948084736394],[71.88331262377864,12.335726659857528],[71.89146792970126,12.288278496155726],[71.90091103241826,12.285319025152944]]],[[[73.06269421826363,8.328953440948567],[73.05271078487488,8.328651482779776],[73.01032622607454,8.302522946077147],[73.0076042867085,8.275436858024648],[73.01620584522362,8.265762993767225],[73.04988633538613,8.261878896493954],[73.06979845863202,8.283024219592107],[73.06843940135735,8.298321842279222],[73.08064745711454,8.329399515475302],[73.06269421826363,8.328953440948567]]],[[[73.64593624915864,10.05336895821091],[73.65387517729766,10.105942591177666],[73.66592917738967,10.138009508731898],[73.65861946081952,10.15462929850338],[73.62021588235712,10.103152906781247],[73.62151027927604,10.075126411154997],[73.64593624915864,10.05336895821091]]],[[[72.6470774027,10.577804855609656],[72.63255538142579,10.57830965676527],[72.61533041176915,10.552528710731451],[72.65098117713967,10.56110169148991],[72.6470774027,10.577804855609656]]],[[[79.32715127621049,9.296509562466383],[79.33324199502209,9.312938603333919],[79.31681944006516,9.3249157680483],[79.2898640226066,9.31628118283038],[79.2707087490096,9.29348839887058],[79.23309494887286,9.29438867419799],[79.21058639834365,9.289238621964898],[79.21983428522412,9.258302018223617],[79.26240175443746,9.26111083389793],[79.33111822352726,9.231358328823887],[79.40072763936911,9.182980313790495],[79.41657459404234,9.183740552084885],[79.3545349427335,9.230500195727473],[79.31739115347898,9.275019616462203],[79.32715127621049,9.296509562466383]]],[[[88.49771200640402,21.599755000492905],[88.48610700723265,21.588332000721323],[88.48143700681248,21.555380000086984],[88.50611100701741,21.54111100127176],[88.53083000749888,21.542209000644903],[88.52971600738789,21.583060001318074],[88.49771200640402,21.599755000492905]]],[[[88.83472300746087,21.60722200039504],[88.82833000762383,21.576943000718984],[88.83583100639589,21.56000000089938],[88.8538890072719,21.550002001191444],[88.90000200688718,21.55222100009911],[88.89250200636258,21.57944600103218],[88.87611500700206,21.592223001190575],[88.83472300746087,21.60722200039504]]],[[[88.72885100666866,21.637081000487854],[88.71277600730696,21.624718000535324],[88.7080240067026,21.590071000876037],[88.71444700612449,21.57833400101339],[88.74054700643927,21.57306200071082],[88.74729100717428,21.588849000281186],[88.75709600697519,21.59957500028611],[88.73623700733208,21.610269000613926],[88.72885100666866,21.637081000487854]]],[[[88.53721600701317,21.63862100135816],[88.51027700667856,21.601389001201483],[88.53659900643908,21.588393999983168],[88.5500020066873,21.563610001000768],[88.57554700658915,21.57417200153668],[88.58654800758455,21.588403000398216],[88.58389300655705,21.610829000358137],[88.55750300635873,21.63167000096979],[88.53721600701317,21.63862100135816]]],[[[88.7741690064945,21.6483300012286],[88.73558100765746,21.644636000850824],[88.73796900626468,21.610378000244566],[88.75306600639112,21.60464200102757],[88.75756800715789,21.601045001525677],[88.75694300711416,21.596111000622216],[88.75040400683952,21.592150000522167],[88.7488870070298,21.57944100080158],[88.7877800073415,21.580556000059403],[88.79805700642578,21.59194500096106],[88.77388900707206,21.619720000277823],[88.7741690064945,21.6483300012286]]],[[[88.9657670062424,21.64153400079357],[88.95423200670183,21.67654800029004],[88.93972100751853,21.646945001210895],[88.95641300655507,21.617421001278217],[88.98777900689572,21.613056000534073],[88.99513300698277,21.626400000759475],[88.98835800661675,21.64483000080395],[88.9657670062424,21.64153400079357]]],[[[88.57688200699909,21.691734000923475],[88.57080900663038,21.666000001299096],[88.55477300726852,21.64743000109371],[88.55750300635873,21.63500000074947],[88.59249900682374,21.618054000791574],[88.59916800769747,21.641110001025766],[88.58583000684939,21.658055000937566],[88.57688200699909,21.691734000923475]]],[[[88.59194300636472,21.69416600066046],[88.58082500716841,21.68406000136804],[88.58854700623942,21.65733100082508],[88.60633800739316,21.679978001083953],[88.59194300636472,21.69416600066046]]],[[[88.98449000630882,21.70568900144633],[88.97165600621975,21.697603000877848],[88.95244500703149,21.701491001208808],[88.96499600666044,21.6440390002997],[88.98835800751607,21.645999000753307],[88.99289800643788,21.6433600004637],[89.0002660062712,21.60209100029948],[89.02876200646148,21.604822000335105],[89.02205000630283,21.654600000789458],[88.99430200733184,21.64898200071883],[88.98790600645708,21.65298000072653],[88.98734300657458,21.664831001349683],[88.99333300671293,21.67111300056456],[88.98944000615143,21.701667000331838],[88.98449000630882,21.70568900144633]]],[[[88.806656007269,21.706672000012816],[88.76471700678451,21.693061000964462],[88.76027800712438,21.68333300021783],[88.7319410070719,21.68306000021886],[88.74916900744381,21.673335001409214],[88.75888700682998,21.663329000433066],[88.77749700708125,21.66417000054514],[88.79666900626967,21.65556000099332],[88.80666300669247,21.663890000223375],[88.806656007269,21.706672000012816]]],[[[88.3110810063834,21.706350000452233],[88.31659600530145,21.665351001047895],[88.30575600543534,21.629060000218885],[88.31222500517993,21.608334000413834],[88.33724300596003,21.621116999949663],[88.35389000561935,21.64944000025588],[88.35111100606815,21.6780550014372],[88.32861400643134,21.70528100061773],[88.3110810063834,21.706350000452233]]],[[[88.45403200567256,21.709341000786594],[88.43687500587686,21.706275000590836],[88.41959500580492,21.68982900030818],[88.42064800670022,21.65135000110172],[88.45111100676763,21.62055700020545],[88.47055200666983,21.67428700124418],[88.45403200567256,21.709341000786594]]],[[[88.69712100752855,21.712880001211147],[88.68712700710574,21.68362000086239],[88.72511300695976,21.638202000921638],[88.7413630071971,21.653709001069615],[88.70300300628378,21.687021000318964],[88.69712100752855,21.712880001211147]]],[[[88.2045060064471,21.721181000902504],[88.18148900531338,21.689218000910046],[88.1946940063234,21.632698000712196],[88.205003005984,21.609720000477694],[88.23166600618129,21.641110001025766],[88.22481500590783,21.670798000427453],[88.19950800529028,21.67537200091715],[88.19833400600965,21.694444000889973],[88.21659000612397,21.700541000566773],[88.2045060064471,21.721181000902504]]],[[[89.05905900696763,21.722003001037706],[89.03721500686714,21.72056100019006],[89.01848500647793,21.708208000698733],[89.02641200690863,21.687910000845932],[89.0260540074865,21.64392700053071],[89.04943800665876,21.620226000229763],[89.06797000691034,21.62037000057512],[89.09285800709142,21.63693000071902],[89.09189600679531,21.666671000766144],[89.07265400707684,21.689731001184782],[89.05905900696763,21.722003001037706]]],[[[88.97799700635682,21.72687600092678],[88.99275900722245,21.70000100084559],[88.99581900624219,21.672501000720672],[88.9929960064606,21.651421000778612],[89.00776000741848,21.65222100079859],[89.0178380072183,21.661187000579673],[89.01965200723441,21.69935100054829],[88.99359000687338,21.72191000124559],[88.97799700635682,21.72687600092678]]],[[[88.5456700056663,21.736129000453047],[88.51727400649025,21.71195900010781],[88.54099300672192,21.639749000316158],[88.56778000634228,21.665278001278807],[88.56610900752474,21.692769000988676],[88.5861650061102,21.698932001011087],[88.5708310067456,21.732501000420882],[88.5456700056663,21.736129000453047]]],[[[88.88305700697538,21.745280000671528],[88.87249800747713,21.720556000858778],[88.87305400703684,21.694444000889973],[88.88582600696469,21.661109000579984],[88.92194400701038,21.63291200068835],[88.94194800679514,21.68972200076979],[88.91805300654107,21.71249900072837],[88.91388700687992,21.725839000769327],[88.88305700697538,21.745280000671528]]],[[[88.41233800659381,21.731261000794575],[88.3990390066449,21.69879000075798],[88.37972400535864,21.68083100085005],[88.38719900562967,21.6465410005668],[88.38726100579083,21.61334800050986],[88.43192300594205,21.62827600093675],[88.41114800567595,21.660002000791735],[88.41330700541403,21.69106600159472],[88.42856500577045,21.702558000051738],[88.41233800659381,21.731261000794575]]],[[[88.22090900654547,21.762150000721988],[88.21201300549586,21.71998000037678],[88.2210610063604,21.70238200092865],[88.20083600627675,21.691390001247612],[88.20865600537041,21.674271001405657],[88.22633300576365,21.67505500068779],[88.23300200663738,21.669020000272837],[88.23473400556998,21.635378001093898],[88.21721700536057,21.619720001177143],[88.24555300536696,21.591110001125685],[88.24833600600192,21.56388800033102],[88.27056200573202,21.5577799992476],[88.2916650058354,21.56305400144106],[88.3061140057568,21.58027800072921],[88.28943600556727,21.59638000133606],[88.29332800608267,21.636670000420224],[88.31166900562016,21.671940000031043],[88.27221700650972,21.728266000275767],[88.2724310055865,21.75205800117584],[88.22090900654547,21.762150000721988]]],[[[88.92710100650629,21.761950000492163],[88.93110600683679,21.735831000200562],[88.92250000657009,21.721112000418543],[88.95024100701693,21.70233000032931],[88.97222100709388,21.698610000551128],[88.98387900691068,21.706391000544272],[88.9705580068466,21.717500001124222],[88.97029100712433,21.738992000280632],[88.96527000670551,21.7499639999387],[88.94776800718785,21.757779000600465],[88.92710100650629,21.761950000492163]]],[[[88.36538800615165,21.76416500101402],[88.35206600604141,21.763996000415148],[88.34256000563983,21.753861000684708],[88.34889100531569,21.72694500141074],[88.33756200628164,21.709760001223117],[88.3578800052581,21.686820000043042],[88.3980570054265,21.713334000563748],[88.36528100571388,21.72222000115221],[88.35977900559669,21.734172001037052],[88.35975600543537,21.74514100145609],[88.36538800615165,21.76416500101402]]],[[[89.00511800699047,21.764977000688077],[89.0015720071425,21.75002100076864],[89.01538800665122,21.73388200025414],[89.02088100635342,21.71725100043335],[89.0558310064958,21.72993300070749],[89.02541400675108,21.756970001064758],[89.00511800699047,21.764977000688077]]],[[[88.83167200615821,21.76610900072984],[88.8133930067819,21.750629000927688],[88.79110800702898,21.749171000241518],[88.78193600674138,21.732501001320202],[88.78444600647805,21.71028000002201],[88.80356500681967,21.716620000112982],[88.81916800689805,21.703333000717464],[88.82305900736736,21.67111000042621],[88.80899900739831,21.63993200066136],[88.83972100681905,21.620447000528713],[88.85994000662606,21.643066000395663],[88.84084300729899,21.688610000750998],[88.83999700695637,21.7155560014084],[88.86115200675977,21.76167200116197],[88.83167200615821,21.76610900072984]]],[[[88.38490400591519,21.76444100025202],[88.37281800614613,21.763609001454313],[88.36126000554486,21.747170001494396],[88.3609910057304,21.73472100117334],[88.3810890062527,21.73722100044887],[88.38490400591519,21.76444100025202]]],[[[88.58222200773952,21.777781000292975],[88.56900100599171,21.769179000210727],[88.59201800622606,21.7193410014861],[88.61583100719531,21.727321000763652],[88.6161110066177,21.740834001587928],[88.58715900698263,21.752229000967645],[88.5836170073191,21.761391000794106],[88.58222200773952,21.777781000292975]]],[[[88.99967100671165,21.78547000054016],[88.96676700739152,21.772185001236892],[88.96155500715793,21.754898000842104],[88.96669700686141,21.74967900028571],[88.97041400740056,21.74035000085189],[88.9841690076936,21.748061000314976],[88.98866300719209,21.73984900113055],[88.97667000721509,21.728610999997727],[88.99444500763104,21.72305400094143],[89.0048380066687,21.71613200099108],[89.01191700666459,21.734810000780953],[88.99916800689806,21.751671000416366],[88.99967100671165,21.78547000054016]]],[[[88.60972700629634,21.790279001075078],[88.59259000652366,21.78519700054119],[88.58922600697468,21.779841000861552],[88.58625000643269,21.756598000996973],[88.621392006436,21.739721000623717],[88.62333600705114,21.773332000171706],[88.60972700629634,21.790279001075078]]],[[[88.4586110054936,21.7886500005971],[88.44825000613292,21.79822700067558],[88.4231020056531,21.766162001375335],[88.42344600532891,21.741784000431323],[88.4331350060757,21.704481000597752],[88.44148400528269,21.709840001315058],[88.45506300555331,21.71091500052688],[88.46721700576029,21.73722100044887],[88.47499800665275,21.79138900100162],[88.4586110054936,21.7886500005971]]],[[[88.71620100607163,21.807380000086994],[88.71193700638781,21.787501000670716],[88.69499900769813,21.74389000132254],[88.71111200701358,21.69018000030684],[88.7477790071955,21.658331001074885],[88.75464600640811,21.66605100095296],[88.73077400721473,21.68203200047651],[88.73269600771465,21.68938000118618],[88.74507800674468,21.683851000723166],[88.76025500696306,21.685002000741804],[88.76277100697644,21.692712000158735],[88.75694300621484,21.706111001121883],[88.7761090069252,21.723610000501196],[88.75277000713021,21.73157800102399],[88.7591180066907,21.758599000643414],[88.72696600697572,21.780981001272266],[88.71620100607163,21.807380000086994]]],[[[88.54457100534768,21.81032000076749],[88.52861000674648,21.80222200054493],[88.50472300596203,21.772500001374],[88.50437900628617,21.750762000765747],[88.52481100602319,21.71848200144325],[88.54171800598124,21.737679000885237],[88.57250200646251,21.735555000962563],[88.56249200620118,21.760281000867565],[88.56944300569023,21.793887001084272],[88.54457100534768,21.81032000076749]]],[[[88.42180500609624,21.811090001202672],[88.40125200617518,21.79483100055029],[88.39523300559881,21.788971001010964],[88.38282100518529,21.77959700040128],[88.40104700571482,21.753250000387254],[88.42084600593847,21.744081001137317],[88.42280600549282,21.770861000434877],[88.43994100607262,21.789181000802614],[88.44056000583964,21.80052000119713],[88.43261800561652,21.79864400101991],[88.42701800637593,21.80368800070073],[88.42587400578083,21.809401000655726],[88.42180500609624,21.811090001202672]]],[[[88.99957300668899,21.811671001015952],[88.99035000674746,21.789751001007915],[89.00967400665013,21.783763000062436],[89.0166170066696,21.811630000923856],[88.99957300668899,21.811671001015952]]],[[[88.82808000688686,21.804029001137565],[88.82029600675537,21.82207100037641],[88.78565100628896,21.76896000090335],[88.79083200689166,21.750009001114563],[88.81189800618807,21.751199000233726],[88.83027700657863,21.767221000748634],[88.82155700645075,21.780830000604112],[88.82808000688686,21.804029001137565]]],[[[88.78749700778076,21.745000000349762],[88.78472100656927,21.77250000047468],[88.79355500745771,21.809741001046405],[88.78489700749094,21.82422900006833],[88.7649380070834,21.784395000428958],[88.75034300672445,21.76889900078828],[88.76423700713224,21.75821200078326],[88.75666100670014,21.73341000097082],[88.77666500738422,21.730846001441876],[88.78749700778076,21.745000000349762]]],[[[88.91583300668799,21.825834000338887],[88.90277800719934,21.82055600065894],[88.89472200711498,21.812781000942493],[88.8855590063431,21.810290000283317],[88.9008340065842,21.7769510006882],[88.90555700675054,21.75166600018582],[88.92333200716644,21.788055000138172],[88.91777700730313,21.791665000239618],[88.92778000724161,21.800002000691848],[88.92694200726788,21.804162000975623],[88.9372320069516,21.81750100097048],[88.93499800645287,21.82250000127408],[88.91999700715621,21.823056000833844],[88.91583300668799,21.825834000338887]]],[[[88.48487800541568,21.83469100138865],[88.45555900594343,21.81861100089702],[88.46005200539577,21.800599000343652],[88.48583300628826,21.79861000035129],[88.50026700551797,21.812501000620728],[88.48487800541568,21.83469100138865]]],[[[88.94139100628996,21.84722100004916],[88.93499800645287,21.845002001141495],[88.93277600740686,21.83694500011171],[88.92472200651542,21.835279001524725],[88.92722400678252,21.823328999933437],[88.93694300711417,21.82250000037476],[88.93889600634566,21.81694100032695],[88.93472300636171,21.814172000337578],[88.92916800649834,21.800002000691848],[88.91971700683445,21.79193199996189],[88.92444600637816,21.787501000670716],[88.91971700683445,21.775000000649584],[88.95417100658676,21.808059000822254],[88.95361200688865,21.825556000109373],[88.94695300737544,21.839452000609413],[88.94139100628996,21.84722100004916]]],[[[88.59221600636369,21.850000001398996],[88.57604100598769,21.817034000119065],[88.58497600613782,21.801990000638057],[88.6125030066085,21.797780000746513],[88.60500200603781,21.835557000854976],[88.59221600636369,21.850000001398996]]],[[[88.33113000644471,21.860687000504697],[88.31514600588355,21.857598001046938],[88.31166200619668,21.853938000438404],[88.31535400648227,21.844660000658564],[88.30773200662685,21.830301000390932],[88.26588500588838,21.813750000662026],[88.26029900639406,21.80720000077946],[88.2641990063791,21.793949000346117],[88.28213500612571,21.791255001117463],[88.30358900532838,21.76080300155735],[88.30580200665736,21.71760500146968],[88.33195500581894,21.710574000989425],[88.34500100579186,21.721666000785376],[88.33980400624995,21.751010000511144],[88.34345300545192,21.760270001259585],[88.3572240064828,21.76694600155679],[88.3779070061035,21.768603000628048],[88.37996700577276,21.787269001663162],[88.36139000614395,21.79602100056877],[88.35195900650302,21.820416000498085],[88.35109800546866,21.855189000571954],[88.33113000644471,21.860687000504697]]],[[[88.8561110072173,21.865281001017422],[88.83915600684429,21.84860900110459],[88.84139200743527,21.815282001163496],[88.83499900669887,21.781667000531684],[88.86193800703347,21.777913000084936],[88.89111400710578,21.762501000720647],[88.89694100692196,21.781667000531684],[88.87972300701125,21.807776001261516],[88.877220006698,21.85167000017043],[88.85555200661986,21.85722000070251],[88.8561110072173,21.865281001017422]]],[[[88.13694800534626,21.87500000044969],[88.12195600556527,21.865671001015926],[88.07226600647107,21.778312000498488],[88.0613850056136,21.734441000851575],[88.0442280058179,21.717694000178028],[88.03694200616872,21.67389099917034],[88.04166400538958,21.64916699935759],[88.06223300604847,21.638060999815366],[88.1155560063047,21.625832999793147],[88.13471900597739,21.629442999894593],[88.15499800585337,21.652781000542802],[88.15361000569726,21.692500001174153],[88.17094300551537,21.745102000556926],[88.16366600628123,21.800150001221652],[88.1699970059571,21.817221001548035],[88.15721800570645,21.830299001198],[88.13694800534626,21.87500000044969]]],[[[88.78917000669054,21.878610000551134],[88.78388900687224,21.873890000523147],[88.77694700779824,21.865279000025907],[88.76583200694165,21.830554000366874],[88.78555300716562,21.82556000119314],[88.79444200699311,21.812501000620728],[88.82110500629108,21.825000000549608],[88.82888900642257,21.863333000217835],[88.80361100714231,21.866945001310796],[88.79888800697597,21.870833000742437],[88.78943700641275,21.863330000978806],[88.78610900672533,21.868331001374656],[88.79222200713997,21.87305500068777],[88.78917000669054,21.878610000551134]]],[[[88.97905600752875,21.893490000563133],[88.97967600644262,21.869361000309993],[88.95124000632131,21.84174200099261],[88.95623100715534,21.82712400047228],[88.9798430069493,21.81839900101312],[88.97634200647849,21.804285000352536],[88.95107300761327,21.800221000898546],[88.94335100764295,21.784942000472995],[88.97342000662809,21.776010000461213],[88.99222500687864,21.81166700083145],[89.02024000737049,21.81783200094611],[89.028076007202,21.828868000857597],[89.03095900705262,21.862781000842574],[88.97905600752875,21.893490000563133]]],[[[88.62166500553565,21.89777900139984],[88.59471900667688,21.85611000077597],[88.62027700627885,21.82416800085258],[88.62223700673252,21.793220000003032],[88.63861100639286,21.784721001073365],[88.6528480055311,21.868659001211995],[88.64554600604339,21.871344000924978],[88.63173700595814,21.87165400083154],[88.6346430050707,21.876688000950537],[88.62721900625218,21.886670999966725],[88.62695300567674,21.89389100106888],[88.62166500553565,21.89777900139984]]],[[[88.81694800614565,21.90111200041855],[88.80777700770278,21.868055000338018],[88.83082600671491,21.865550000831945],[88.84083600607687,21.886944000865014],[88.81694800614565,21.90111200041855]]],[[[88.56233900544083,21.89746000107823],[88.53055700570133,21.84916800080265],[88.544997006107,21.82639000079797],[88.5631190063371,21.830930000619105],[88.57622600552577,21.884282001313352],[88.56233900544083,21.89746000107823]]],[[[88.44647900540184,21.90492000065757],[88.43583600562721,21.90167000007051],[88.41982300552735,21.903140000410758],[88.41713800581437,21.88727900102515],[88.40027700617895,21.87306000091837],[88.39251600620878,21.832601000335956],[88.40320500540673,21.797564000678165],[88.41826600567168,21.81161200099308],[88.42402500594932,21.812401000505815],[88.42691800626102,21.81032000076749],[88.43097000606099,21.80031000050616],[88.44274200573903,21.802211000937007],[88.45433800539467,21.82180899998542],[88.4907220060158,21.85032100091354],[88.48382500631902,21.88525100103294],[88.46055500610868,21.893641000331968],[88.44647900540184,21.90492000065757]]],[[[88.71805700622593,21.907222000694844],[88.69832600644008,21.86000100124528],[88.696106006587,21.842221000598727],[88.70944200734283,21.810290001182636],[88.71943600686626,21.806931000065674],[88.7258310067956,21.794445999883067],[88.75083100674561,21.800561000389905],[88.76389200651096,21.787501000670716],[88.77722100694399,21.821670000769984],[88.76555600680433,21.826110000476206],[88.76472400620798,21.83777900080031],[88.77500100709085,21.86499900060346],[88.75749900667387,21.8788900008729],[88.74749900687374,21.896670000620077],[88.72667000681543,21.89916500056438],[88.71805700622593,21.907222000694844]]],[[[88.63999900654898,21.92168100017807],[88.62338400656671,21.901410000671035],[88.62857800597027,21.89386200063086],[88.62947100578236,21.88442100142811],[88.63591700626489,21.879298000802123],[88.6333320057675,21.87222100089855],[88.6527780059003,21.873333000917285],[88.65305300599147,21.88083200049647],[88.66694700549994,21.913335001109488],[88.63999900654898,21.92168100017807]]],[[[88.13478900560818,21.92674500078124],[88.11675200659988,21.913581000762633],[88.12944700567482,21.89888900132638],[88.1446240058932,21.915260000848434],[88.13478900560818,21.92674500078124]]],[[[88.83655600655453,21.91789300086134],[88.84916600710562,21.8961110000227],[88.86111300675992,21.855832001445776],[88.87805200729434,21.85389000092283],[88.88999900694864,21.812221000298962],[88.9033440072202,21.822228001321264],[88.91443600701615,21.827500000724513],[88.92278200698411,21.83555900004785],[88.93111500725183,21.83777900080031],[88.93277600650754,21.844165000314547],[88.93833100727022,21.848890000573135],[88.93860600736139,21.85389000092283],[88.94638700735459,21.84166700113127],[88.94806000716363,21.84139100099395],[88.95500200623763,21.85444200119747],[88.97667000721509,21.86750099997124],[88.97164900679627,21.899170000794925],[88.91456600761524,21.92811900119102],[88.88659600650055,21.914458000736204],[88.85686500691457,21.910707000427806],[88.83655600655453,21.91789300086134]]],[[[88.72361100694246,21.931944000415342],[88.71694200696811,21.918608000558834],[88.729156007244,21.89972100012409],[88.74083700722218,21.900554999913368],[88.75055700670055,21.895555000462934],[88.7580580072713,21.880278000129636],[88.77194200721794,21.878060000368748],[88.77694700689892,21.869470000839897],[88.78639200718544,21.878610000551134],[88.78832900657846,21.879444000340413],[88.79250200656242,21.878060000368748],[88.79332700683597,21.872780000596606],[88.78722400688247,21.866945001310796],[88.79277800759905,21.867209000894718],[88.79666900626967,21.87667000101976],[88.81416300721708,21.90278000089637],[88.7994470075734,21.919721000623724],[88.79250200656242,21.917220000402722],[88.77500100709085,21.92445000016744],[88.75444800716986,21.926670000020522],[88.73221700630984,21.919721000623724],[88.72361100694246,21.931944000415342]]],[[[88.74539300598252,21.97973900115403],[88.72506000631432,21.978452000259665],[88.72239600577109,21.942631001319683],[88.7327800061924,21.925277000533185],[88.76168200711896,21.93081100032748],[88.78879600742988,21.920325001497645],[88.79939200683572,21.92592900092268],[88.7494970072811,21.959031001279754],[88.74539300598252,21.97973900115403]]],[[[88.65997300584962,22.019212000333596],[88.63485700594612,21.995951001437618],[88.63237700579424,21.952552001074025],[88.65722700602157,21.95412000143699],[88.67815400610255,21.942868000557837],[88.7157820056351,22.00064100098149],[88.67425600531044,22.01918200164812],[88.65997300584962,22.019212000333596]]],[[[88.14138700590564,22.02639100134371],[88.09388800622656,22.011390001147674],[88.07026700601756,21.990830000903884],[88.05640300519457,21.960472001181984],[88.04583000595005,21.91555700105482],[88.05665600606989,21.91306100106442],[88.08139200553666,21.931670000370275],[88.12222200524138,21.98833200082123],[88.14138700590564,22.02639100134371]]],[[[88.81276600664597,22.019442001047537],[88.8013910063899,22.029723001215586],[88.7769470059996,22.015002001341315],[88.76149700668157,22.014521000743628],[88.7497250061042,21.981946000407618],[88.75166300644264,21.958890001072746],[88.77639100643984,21.94333300041768],[88.82483600747582,21.93984999987765],[88.85658300650061,21.919060000718503],[88.89746100751955,21.922839000519502],[88.90727300674394,21.929537000931873],[88.90756200658137,21.969351000548272],[88.89972000737248,22.013060000818427],[88.8752670074665,22.012219000706352],[88.81276600664597,22.019442001047537]]],[[[88.76381000632676,22.05167100071617],[88.7616720057585,22.021391000993958],[88.7780530057417,22.019720000377788],[88.77526100649033,22.050044000330388],[88.76381000632676,22.05167100071617]]],[[[88.90278500662282,22.04533300071745],[88.85389800768695,22.04329100007965],[88.87701500713695,22.01484000016592],[88.9016640070883,22.01888800068076],[88.90278500662282,22.04533300071745]]],[[[89.01619700708625,22.05092100030396],[88.98610600708662,22.04909999996505],[88.96807800669472,22.015542000163236],[88.97432700708578,21.994552000774263],[89.01806600694073,21.97553400059371],[88.99945900682775,21.949819000946206],[89.03032800673219,21.926444001289667],[89.06328600674385,21.934512001028054],[89.07801900717152,21.98641700154343],[89.0680380073482,22.01361200019369],[89.04035200763911,22.049162000126273],[89.01619700708625,22.05092100030396]]],[[[88.81185900618823,22.060754000496786],[88.79203100642587,22.054828000611792],[88.78045700508676,22.037534000793528],[88.79541700609002,22.03114800037997],[88.80584700683397,22.033281000717636],[88.8127890068073,22.025450001116724],[88.83186300687231,22.02697500039602],[88.83101700742901,22.050750000512153],[88.81185900618823,22.060754000496786]]],[[[88.87056000713869,22.078939000934213],[88.85435600632468,22.0790460004726],[88.83789800638795,22.071760000823417],[88.82856100568591,22.07016600106016],[88.8194420060438,22.062502001066548],[88.85038800680115,22.04270700102734],[88.86055700630084,22.046115000806708],[88.88106500684466,22.045581000462846],[88.87016400686349,22.06305100120278],[88.87056000713869,22.078939000934213]]],[[[88.90408400627194,22.084208001098432],[88.870727006746,22.086993000926327],[88.87168900614279,22.063356000878798],[88.89090600650707,22.060357000175486],[88.90408400627194,22.084208001098432]]],[[[88.80346700589769,22.08527300074843],[88.7956770054895,22.10914000061058],[88.77899800615313,22.10300200084174],[88.74794100657226,22.059302000087257],[88.78076900508557,22.048619001166003],[88.80582400577333,22.06576300036221],[88.80346700589769,22.08527300074843]]],[[[88.81790100512734,22.123029000787824],[88.79912600626022,22.111877000922902],[88.80551200667384,22.085080999988236],[88.82762800582788,22.087602001131472],[88.83775200595039,22.07324300086384],[88.85118100739766,22.07936300070196],[88.86585200676478,22.081455000947585],[88.84982300592702,22.103114000610674],[88.84718300559132,22.117251000533315],[88.81790100512734,22.123029000787824]]],[[[88.86514300554535,22.16699100103392],[88.8464590063781,22.121301001140353],[88.85366100665021,22.10147900075532],[88.87225400701686,22.087805000600326],[88.91703000702927,22.091201000725675],[88.92274600712261,22.10895300098025],[88.88608600636417,22.164830000304335],[88.86514300554535,22.16699100103392]]],[[[88.94996600692576,22.189192001409765],[88.91971700593513,22.161111000572248],[88.89746100572091,22.171062000810764],[88.90943800675865,22.13364500111595],[88.9295260068198,22.11153300034772],[88.93071800693053,22.098100001413968],[88.90170300708814,22.063865000969088],[88.9160770071482,22.01062900112754],[88.91272000702276,21.994360000014012],[88.93147300667397,21.942077000053587],[88.94444300673945,21.929751000908027],[88.99233200731635,21.906946000557525],[89.01510600713658,21.903069000733865],[89.02134800720484,21.921660001008263],[88.99459100716928,21.941972000607393],[88.9938890062727,21.970281001167336],[88.97249700723114,21.987792001100047],[88.96518800652132,22.017411000917036],[88.97709600707515,22.03839300083638],[88.95807700684844,22.06024100022205],[88.98153600768069,22.113481000247987],[88.9849780072293,22.14812000133702],[88.94996600692576,22.189192001409765]]],[[[89.00193000656463,22.19917200028766],[88.97268600695372,22.19343800116286],[88.9773790075352,22.168181000153083],[88.99661300688484,22.140120000237857],[88.98036900782353,22.07928300061002],[88.96280600639216,22.061132000841212],[89.001709007165,22.06026400128269],[89.01892800712187,22.05143200138582],[89.03887200683772,22.055459000932217],[89.03111200691365,22.093890000623105],[89.04911000772074,22.132920000957313],[89.02242400736213,22.14836399999865],[89.01444200709301,22.1644430013435],[89.0130220072599,22.19582200048501],[89.00193000656463,22.19917200028766]]],[[[88.69519000571427,22.208613000389732],[88.67778000684189,22.183610000301314],[88.65286200617669,22.163392000540455],[88.63418700562585,22.106211000437384],[88.65215300585658,22.081430000694013],[88.66339200613623,22.024397001120747],[88.70229400596367,22.00733100012559],[88.72041300605542,22.00559600015532],[88.74018000570277,22.02034900060596],[88.72941600574416,22.038320000167914],[88.68840100560197,22.059771001030924],[88.68897300589958,22.089904000269428],[88.72326700636728,22.113251001332685],[88.73602300645666,22.132681000727644],[88.76638800650136,22.146110000376268],[88.78917000579122,22.169448001024477],[88.76497700618393,22.192200000729486],[88.73189600589603,22.193990000538122],[88.69519000571427,22.208613000389732]]],[[[88.84474900576208,22.189192001409765],[88.83260400507083,22.16451800030552],[88.8128120060693,22.178842000757754],[88.7657467206347,22.140477319772515],[88.74666700627739,22.132781000842556],[88.73530300383061,22.1050507257105],[88.70253800642394,22.077952000384585],[88.70471900537785,22.0650000011492],[88.73916600570664,22.05699100053431],[88.74958900612779,22.081056001433353],[88.76905900556869,22.091950001091732],[88.77194200631857,22.106391000644237],[88.7984300065396,22.12495200133384],[88.84984500604224,22.142732001081015],[88.84336800592877,22.16768200052394],[88.8682110058333,22.174829000957686],[88.86414200524939,22.19667900133487],[88.84474900576208,22.189192001409765]]],[[[88.93237300590954,22.225000000649572],[88.92050100611658,22.23067200141179],[88.90917100613706,22.194101001160334],[88.92434600626325,22.17920000107921],[88.96099200637605,22.19405100065319],[88.95418700642529,22.22160400052428],[88.93237300590954,22.225000000649572]]],[[[88.98475700603109,22.38243300138197],[88.96779500623461,22.387953002329255],[88.96431700592512,22.36700100199471],[88.95469700566235,22.361100001463967],[88.94721900525298,22.25556000069355],[88.96170100579684,22.242186000883294],[88.9681620060718,22.215049000411113],[88.98628100706287,22.205602000032343],[89.01860900680026,22.206670999866787],[89.02722100644434,22.18734100148606],[89.02352900705807,22.165380001385984],[89.05055300771517,22.1466700010198],[89.06912300702123,22.189933000507608],[89.04041300685486,22.222132001490706],[89.0335460076422,22.254530000858892],[88.99643700596312,22.282632000866215],[89.00948300593603,22.31484100141114],[88.98693800588433,22.322241000921508],[88.98475700603109,22.38243300138197]]],[[[88.86194500645695,22.398888001180353],[88.86083300643816,22.37083200059641],[88.89322000619836,22.345771000531272],[88.8977820052354,22.364173001083202],[88.88375000655759,22.371992000130774],[88.86194500645695,22.398888001180353]]],[[[88.78138700570582,22.50056300178113],[88.80080500634602,22.461118001194848],[88.8098370055734,22.481193001555823],[88.80023100595622,22.486150001721228],[88.79167300610442,22.498860001487913],[88.78138700570582,22.50056300178113]]],[[[88.89769800585833,22.548860001387993],[88.88523800682862,22.54999100138366],[88.86715800583738,22.530493001550838],[88.8613280058828,22.499031001279718],[88.8614800065971,22.41321100158649],[88.88229300591757,22.40319100086407],[88.88439300563277,22.376081000737656],[88.92111200641403,22.399169001548216],[88.90451000613194,22.4116720016616],[88.90801300579562,22.43415600159824],[88.90065900660795,22.444619001166018],[88.89750000572076,22.459192001409804],[88.89228700634033,22.46593400205262],[88.89630100528723,22.47185000147641],[88.89305800592228,22.486669001373343],[88.90569300672695,22.520521002142573],[88.89769800585833,22.548860001387993]]],[[[88.92016600595645,22.565306001670706],[88.89614100600267,22.560794001342117],[88.90422800571793,22.526263002535586],[88.9138870059806,22.514723001865093],[88.89618700632536,22.483510001385525],[88.89881900629217,22.476844001549466],[88.89472200621566,22.466112001267902],[88.90316100597568,22.455229002116823],[88.90392200599587,22.44615100166743],[88.91889200566158,22.4297210012233],[88.92613900621024,22.405801001614975],[88.91591800611116,22.391944002014156],[88.89643100588626,22.379830000054483],[88.90733400595968,22.335791000754114],[88.93248000544793,22.31117100124078],[88.94326700646724,22.310652000689345],[88.94862300614687,22.354815001211364],[88.96444700562489,22.37388900217576],[88.96305900546878,22.405833002191343],[88.99749700628189,22.42861100219602],[88.98916700525314,22.439443001693235],[88.99500400642984,22.467780000846403],[88.97833200651695,22.482501001619994],[88.96523300589854,22.53408700181376],[88.95594800669522,22.55137200121692],[88.92016600595645,22.565306001670706]]],[[[88.79893897605297,26.20666666343584],[88.7993926417571,26.22566507908016],[88.78129907629142,26.23829776502987],[88.76526656809767,26.228733520035973],[88.78039095258043,26.201393440954575],[88.77720545586715,26.176529657717595],[88.76408859021632,26.174013674791297],[88.76225811192239,26.148229687250307],[88.77110854252527,26.131306428448966],[88.79396736909888,26.144494908013655],[88.78823287804494,26.174088204307225],[88.80223014940191,26.192461624404473],[88.79893897605297,26.20666666343584]]],[[[88.68978443990005,26.24701525964656],[88.68031345730026,26.231607244278962],[88.68815040411789,26.213074348302598],[88.71141296783424,26.223357846787223],[88.68978443990005,26.24701525964656]]]]},"properties":{"source":"Survey of India State Map, Datameet"}}
]}